Mineral,reporterISO,partnerISO,Exporter,Importer,hs_codes,stage,trade_value_usd,mirror,source_lat,source_lng,target_lat,target_lng
Nickel,ALB,NLD,Albania,Netherlands,260400,Raw,21.648,mirror,41.153332,20.168331,52.132633,5.291266
Nickel,_X ,FRA,"Areas, nes",France,260400,Raw,1069.392,mirror,,,46.227638,2.213749
Nickel,_X ,DNK,"Areas, nes",Denmark,260400,Raw,152.441,mirror,,,56.26392,9.501785
Nickel,AUS,CHN,Australia,China,260400,Raw,124861922.4,direct,-25.274398,133.775136,35.86166,104.195397
Nickel,AUS,S19,Australia,"Other Asia, nes",260400,Raw,113615405.4,direct,-25.274398,133.775136,,
Nickel,AUS,MYS,Australia,Malaysia,260400,Raw,49719465.73,mirror,-25.274398,133.775136,4.210484,101.975766
Nickel,AUS,NOR,Australia,Norway,260400,Raw,1427060.762,direct,-25.274398,133.775136,60.472024,8.468946
Nickel,AUS,FIN,Australia,Finland,260400,Raw,227040.98,mirror,-25.274398,133.775136,61.92411,25.748151
Nickel,AUS,IDN,Australia,Indonesia,260400,Raw,30580,mirror,-25.274398,133.775136,-0.789275,113.921327
Nickel,AUS,SRB,Australia,Serbia,260400,Raw,13080,mirror,-25.274398,133.775136,44.016521,21.005859
Nickel,AUS,CAN,Australia,Canada,260400,Raw,1721.09,mirror,-25.274398,133.775136,56.130366,-106.346771
Nickel,AUT,USA,Austria,USA,260400,Raw,6102.461,direct,47.516231,14.550072,37.09024,-95.712891
Nickel,AUT,ZAF,Austria,South Africa,260400,Raw,10.824,direct,47.516231,14.550072,-30.559482,22.937506
Nickel,BEL,CAN,Belgium,Canada,260400,Raw,23452909.35,direct,50.503887,4.469936,56.130366,-106.346771
Nickel,BEL,NLD,Belgium,Netherlands,260400,Raw,1720850.716,mirror,50.503887,4.469936,52.132633,5.291266
Nickel,BEL,PHL,Belgium,Philippines,260400,Raw,230892.913,direct,50.503887,4.469936,12.879721,121.774017
Nickel,BEL,BRA,Belgium,Brazil,260400,Raw,4.33,direct,50.503887,4.469936,-14.235004,-51.92528
Nickel,BEL,GBR,Belgium,United Kingdom,260400,Raw,4.33,direct,50.503887,4.469936,55.378051,-3.435973
Nickel,BWA,NAM,Botswana,Namibia,260400,Raw,4648460.156,mirror,-22.328474,24.684866,-22.95764,18.49041
Nickel,BWA,CAN,Botswana,Canada,260400,Raw,56161.107,mirror,-22.328474,24.684866,56.130366,-106.346771
Nickel,BRA,CHN,Brazil,China,260400,Raw,251680608,direct,-14.235004,-51.92528,35.86166,104.195397
Nickel,BRA,FIN,Brazil,Finland,260400,Raw,141028168,direct,-14.235004,-51.92528,61.92411,25.748151
Nickel,BRA,CAN,Brazil,Canada,260400,Raw,70326574,direct,-14.235004,-51.92528,56.130366,-106.346771
Nickel,BRA,DEU,Brazil,Germany,260400,Raw,54660,direct,-14.235004,-51.92528,51.165691,10.451526
Nickel,BRA,SGP,Brazil,Singapore,260400,Raw,26196,direct,-14.235004,-51.92528,1.352083,103.819836
Nickel,BRA,PER,Brazil,Peru,260400,Raw,18170,direct,-14.235004,-51.92528,-9.189967,-75.015152
Nickel,BRA,PHL,Brazil,Philippines,260400,Raw,8210,direct,-14.235004,-51.92528,12.879721,121.774017
Nickel,BRA,GBR,Brazil,United Kingdom,260400,Raw,2356,direct,-14.235004,-51.92528,55.378051,-3.435973
Nickel,BRA,IDN,Brazil,Indonesia,260400,Raw,2250,direct,-14.235004,-51.92528,-0.789275,113.921327
Nickel,BRA,BOL,Brazil,Bolivia (Plurinational State of),260400,Raw,316,direct,-14.235004,-51.92528,-16.290154,-63.588653
Nickel,BRA,USA,Brazil,USA,260400,Raw,218,direct,-14.235004,-51.92528,37.09024,-95.712891
Nickel,BRA,AUS,Brazil,Australia,260400,Raw,212,direct,-14.235004,-51.92528,-25.274398,133.775136
Nickel,BRA,IRL,Brazil,Ireland,260400,Raw,62,direct,-14.235004,-51.92528,53.41291,-8.24389
Nickel,BRA,CHL,Brazil,Chile,260400,Raw,20,direct,-14.235004,-51.92528,-35.675147,-71.542969
Nickel,BRA,ARG,Brazil,Argentina,260400,Raw,16,direct,-14.235004,-51.92528,-38.416097,-63.616672
Nickel,BRA,ZAF,Brazil,South Africa,260400,Raw,2,direct,-14.235004,-51.92528,-30.559482,22.937506
Nickel,CAN,FIN,Canada,Finland,260400,Raw,301883950.3,direct,56.130366,-106.346771,61.92411,25.748151
Nickel,CAN,BEL,Canada,Belgium,260400,Raw,297562186.1,direct,56.130366,-106.346771,50.503887,4.469936
Nickel,CAN,BRA,Canada,Brazil,260400,Raw,2119324,mirror,56.130366,-106.346771,-14.235004,-51.92528
Nickel,CAN,CHN,Canada,China,260400,Raw,358570.528,direct,56.130366,-106.346771,35.86166,104.195397
Nickel,CAN,USA,Canada,USA,260400,Raw,116579.788,direct,56.130366,-106.346771,37.09024,-95.712891
Nickel,CAN,PRT,Canada,Portugal,260400,Raw,14703.784,mirror,56.130366,-106.346771,39.399872,-8.224454
Nickel,CAN,ZAF,Canada,South Africa,260400,Raw,5345.944,mirror,56.130366,-106.346771,-30.559482,22.937506
Nickel,CAN,AUS,Canada,Australia,260400,Raw,2852.764,mirror,56.130366,-106.346771,-25.274398,133.775136
Nickel,CAN,KOR,Canada,Rep. of Korea,260400,Raw,37,mirror,56.130366,-106.346771,35.907757,127.766922
Nickel,CAN,NLD,Canada,Netherlands,260400,Raw,16.236,mirror,56.130366,-106.346771,52.132633,5.291266
Nickel,CHL,CAN,Chile,Canada,260400,Raw,538.9,mirror,-35.675147,-71.542969,56.130366,-106.346771
Nickel,CHN,KHM,China,Cambodia,260400,Raw,315892,mirror,35.86166,104.195397,12.565679,104.990963
Nickel,CHN,S19,China,"Other Asia, nes",260400,Raw,126508.61,mirror,35.86166,104.195397,,
Nickel,CHN,IDN,China,Indonesia,260400,Raw,15035,direct,35.86166,104.195397,-0.789275,113.921327
Nickel,CHN,PER,China,Peru,260400,Raw,11409.612,mirror,35.86166,104.195397,-9.189967,-75.015152
Nickel,CHN,SAU,China,Saudi Arabia,260400,Raw,2695.467,mirror,35.86166,104.195397,23.885942,45.079162
Nickel,CHN,SWE,China,Sweden,260400,Raw,1514.056,mirror,35.86166,104.195397,60.128161,18.643501
Nickel,CHN,DNK,China,Denmark,260400,Raw,837.191,mirror,35.86166,104.195397,56.26392,9.501785
Nickel,CHN,NLD,China,Netherlands,260400,Raw,321.467,mirror,35.86166,104.195397,52.132633,5.291266
Nickel,CHN,KOR,China,Rep. of Korea,260400,Raw,193,mirror,35.86166,104.195397,35.907757,127.766922
Nickel,CHN,BEL,China,Belgium,260400,Raw,137.69,mirror,35.86166,104.195397,50.503887,4.469936
Nickel,CHN,CAN,China,Canada,260400,Raw,115.68,mirror,35.86166,104.195397,56.130366,-106.346771
Nickel,CHN,FIN,China,Finland,260400,Raw,113.17,mirror,35.86166,104.195397,61.92411,25.748151
Nickel,CHN,USA,China,USA,260400,Raw,86,direct,35.86166,104.195397,37.09024,-95.712891
Nickel,CIV,CHN,Côte d'Ivoire,China,260400,Raw,46499206.9,direct,7.539989,-5.54708,35.86166,104.195397
Nickel,CIV,_X ,Côte d'Ivoire,"Areas, nes",260400,Raw,9648381.754,direct,7.539989,-5.54708,,
Nickel,CIV,ALB,Côte d'Ivoire,Albania,260400,Raw,2018053.946,direct,7.539989,-5.54708,41.153332,20.168331
Nickel,CIV,ZAF,Côte d'Ivoire,South Africa,260400,Raw,907.952,direct,7.539989,-5.54708,-30.559482,22.937506
Nickel,COD,NAM,Dem. Rep. of the Congo,Namibia,260400,Raw,8174105.388,mirror,-4.038333,21.758664,-22.95764,18.49041
Nickel,DNK,NLD,Denmark,Netherlands,260400,Raw,2161.514,mirror,56.26392,9.501785,52.132633,5.291266
Nickel,FIN,CHN,Finland,China,260400,Raw,644923663.7,direct,61.92411,25.748151,35.86166,104.195397
Nickel,FIN,CAN,Finland,Canada,260400,Raw,165000145.4,direct,61.92411,25.748151,56.130366,-106.346771
Nickel,FIN,SGP,Finland,Singapore,260400,Raw,7053661.584,direct,61.92411,25.748151,1.352083,103.819836
Nickel,FIN,AUS,Finland,Australia,260400,Raw,4846415.588,direct,61.92411,25.748151,-25.274398,133.775136
Nickel,FIN,JPN,Finland,Japan,260400,Raw,366844.272,direct,61.92411,25.748151,36.204824,138.252924
Nickel,FIN,GBR,Finland,United Kingdom,260400,Raw,1527.802,direct,61.92411,25.748151,55.378051,-3.435973
Nickel,FIN,USA,Finland,USA,260400,Raw,41.914,direct,61.92411,25.748151,37.09024,-95.712891
Nickel,FIN,KOR,Finland,Rep. of Korea,260400,Raw,20.958,direct,61.92411,25.748151,35.907757,127.766922
Nickel,FIN,ZAF,Finland,South Africa,260400,Raw,20.958,direct,61.92411,25.748151,-30.559482,22.937506
Nickel,FIN,BRA,Finland,Brazil,260400,Raw,16.766,direct,61.92411,25.748151,-14.235004,-51.92528
Nickel,FIN,ZMB,Finland,Zambia,260400,Raw,8.382,direct,61.92411,25.748151,-13.133897,27.849332
Nickel,FRA,DEU,France,Germany,260400,Raw,4265470.892,direct,46.227638,2.213749,51.165691,10.451526
Nickel,FRA,ESP,France,Spain,260400,Raw,339176.176,mirror,46.227638,2.213749,40.463667,-3.74922
Nickel,FRA,NLD,France,Netherlands,260400,Raw,122252.708,direct,46.227638,2.213749,52.132633,5.291266
Nickel,FRA,LUX,France,Luxembourg,260400,Raw,4995.943,mirror,46.227638,2.213749,49.815273,6.129583
Nickel,FRA,CHE,France,Switzerland,260400,Raw,3415.992,direct,46.227638,2.213749,46.818188,8.227512
Nickel,FRA,USA,France,USA,260400,Raw,3152,mirror,46.227638,2.213749,37.09024,-95.712891
Nickel,FRA,IND,France,India,260400,Raw,108.24,direct,46.227638,2.213749,20.593684,78.96288
Nickel,FRA,KOR,France,Rep. of Korea,260400,Raw,19,mirror,46.227638,2.213749,35.907757,127.766922
Nickel,DEU,PHL,Germany,Philippines,260400,Raw,3978647.248,direct,51.165691,10.451526,12.879721,121.774017
Nickel,DEU,MYS,Germany,Malaysia,260400,Raw,1826017.14,mirror,51.165691,10.451526,4.210484,101.975766
Nickel,DEU,NLD,Germany,Netherlands,260400,Raw,463264.249,mirror,51.165691,10.451526,52.132633,5.291266
Nickel,DEU,FRA,Germany,France,260400,Raw,81451.296,mirror,51.165691,10.451526,46.227638,2.213749
Nickel,DEU,IND,Germany,India,260400,Raw,71525.998,mirror,51.165691,10.451526,20.593684,78.96288
Nickel,DEU,CAN,Germany,Canada,260400,Raw,31017.096,direct,51.165691,10.451526,56.130366,-106.346771
Nickel,DEU,USA,Germany,USA,260400,Raw,11072,mirror,51.165691,10.451526,37.09024,-95.712891
Nickel,DEU,ROU,Germany,Romania,260400,Raw,7565.92,mirror,51.165691,10.451526,45.943161,24.96676
Nickel,DEU,ESP,Germany,Spain,260400,Raw,4121.336,mirror,51.165691,10.451526,40.463667,-3.74922
Nickel,DEU,SAU,Germany,Saudi Arabia,260400,Raw,3740.533,mirror,51.165691,10.451526,23.885942,45.079162
Nickel,DEU,CHE,Germany,Switzerland,260400,Raw,1203.942,mirror,51.165691,10.451526,46.818188,8.227512
Nickel,DEU,LUX,Germany,Luxembourg,260400,Raw,123.933,mirror,51.165691,10.451526,49.815273,6.129583
Nickel,GTM,CHN,Guatemala,China,260400,Raw,5487200,direct,15.783471,-90.230759,35.86166,104.195397
Nickel,GTM,KOR,Guatemala,Rep. of Korea,260400,Raw,3116250,direct,15.783471,-90.230759,35.907757,127.766922
Nickel,GTM,PAN,Guatemala,Panama,260400,Raw,2628908,direct,15.783471,-90.230759,8.537981,-80.782127
Nickel,GTM,COL,Guatemala,Colombia,260400,Raw,2231250,direct,15.783471,-90.230759,4.570868,-74.297333
Nickel,GTM,TUR,Guatemala,Türkiye,260400,Raw,3112,mirror,15.783471,-90.230759,38.963745,35.243322
Nickel,GTM,IDN,Guatemala,Indonesia,260400,Raw,980,direct,15.783471,-90.230759,-0.789275,113.921327
Nickel,GTM,SGP,Guatemala,Singapore,260400,Raw,224.512,mirror,15.783471,-90.230759,1.352083,103.819836
Nickel,GIN,CHN,Guinea,China,260400,Raw,180,mirror,9.945587,-9.696645,35.86166,104.195397
Nickel,HUN,PHL,Hungary,Philippines,260400,Raw,1161924.064,direct,47.162494,19.503304,12.879721,121.774017
Nickel,IND,FIN,India,Finland,260400,Raw,858373.094,mirror,20.593684,78.96288,61.92411,25.748151
Nickel,IND,SAU,India,Saudi Arabia,260400,Raw,92137.331,mirror,20.593684,78.96288,23.885942,45.079162
Nickel,IND,BEL,India,Belgium,260400,Raw,69862.788,direct,20.593684,78.96288,50.503887,4.469936
Nickel,IND,CHL,India,Chile,260400,Raw,69.69,mirror,20.593684,78.96288,-35.675147,-71.542969
Nickel,IDN,DEU,Indonesia,Germany,260400,Raw,5304183.97,mirror,-0.789275,113.921327,51.165691,10.451526
Nickel,IDN,S19,Indonesia,"Other Asia, nes",260400,Raw,144670.275,mirror,-0.789275,113.921327,,
Nickel,IDN,AUS,Indonesia,Australia,260400,Raw,29812,direct,-0.789275,113.921327,-25.274398,133.775136
Nickel,IDN,BEL,Indonesia,Belgium,260400,Raw,5796.948,mirror,-0.789275,113.921327,50.503887,4.469936
Nickel,IDN,CHN,Indonesia,China,260400,Raw,947,mirror,-0.789275,113.921327,35.86166,104.195397
Nickel,IDN,KOR,Indonesia,Rep. of Korea,260400,Raw,164,mirror,-0.789275,113.921327,35.907757,127.766922
Nickel,IRL,MYS,Ireland,Malaysia,260400,Raw,23934.679,direct,53.41291,-8.24389,4.210484,101.975766
Nickel,ISR,ESP,Israel,Spain,260400,Raw,1077.888,mirror,31.046051,34.851612,40.463667,-3.74922
Nickel,ITA,USA,Italy,USA,260400,Raw,327174,mirror,41.87194,12.56738,37.09024,-95.712891
Nickel,ITA,NLD,Italy,Netherlands,260400,Raw,143242.23,mirror,41.87194,12.56738,52.132633,5.291266
Nickel,ITA,AUT,Italy,Austria,260400,Raw,37555.84,direct,41.87194,12.56738,47.516231,14.550072
Nickel,ITA,DEU,Italy,Germany,260400,Raw,3499.902,direct,41.87194,12.56738,51.165691,10.451526
Nickel,JPN,DEU,Japan,Germany,260400,Raw,1114888.704,mirror,36.204824,138.252924,51.165691,10.451526
Nickel,JPN,KOR,Japan,Rep. of Korea,260400,Raw,26710.039,direct,36.204824,138.252924,35.907757,127.766922
Nickel,JPN,MYS,Japan,Malaysia,260400,Raw,16357.298,mirror,36.204824,138.252924,4.210484,101.975766
Nickel,JPN,BEL,Japan,Belgium,260400,Raw,15081.857,mirror,36.204824,138.252924,50.503887,4.469936
Nickel,JPN,ESP,Japan,Spain,260400,Raw,8921.36,mirror,36.204824,138.252924,40.463667,-3.74922
Nickel,KAZ,CHN,Kazakhstan,China,260400,Raw,54000,direct,48.019573,66.923684,35.86166,104.195397
Nickel,KAZ,POL,Kazakhstan,Poland,260400,Raw,0.01,direct,48.019573,66.923684,51.919438,19.145136
Nickel,LTU,NLD,Lithuania,Netherlands,260400,Raw,16.236,mirror,55.169438,23.881275,52.132633,5.291266
Nickel,MYS,CHN,Malaysia,China,260400,Raw,49668656.23,direct,4.210484,101.975766,35.86166,104.195397
Nickel,MYS,DEU,Malaysia,Germany,260400,Raw,15475705.41,mirror,4.210484,101.975766,51.165691,10.451526
Nickel,MYS,VNM,Malaysia,Viet Nam,260400,Raw,815411.056,direct,4.210484,101.975766,14.058324,108.277199
Nickel,MYS,BRA,Malaysia,Brazil,260400,Raw,280858,mirror,4.210484,101.975766,-14.235004,-51.92528
Nickel,MYS,JPN,Malaysia,Japan,260400,Raw,64948.908,direct,4.210484,101.975766,36.204824,138.252924
Nickel,MYS,BEL,Malaysia,Belgium,260400,Raw,53678.109,direct,4.210484,101.975766,50.503887,4.469936
Nickel,MYS,SGP,Malaysia,Singapore,260400,Raw,11939.442,direct,4.210484,101.975766,1.352083,103.819836
Nickel,MYS,THA,Malaysia,Thailand,260400,Raw,17.12,mirror,4.210484,101.975766,15.870032,100.992541
Nickel,MEX,THA,Mexico,Thailand,260400,Raw,83285.48,mirror,23.634501,-102.552784,15.870032,100.992541
Nickel,MEX,USA,Mexico,USA,260400,Raw,14112,mirror,23.634501,-102.552784,37.09024,-95.712891
Nickel,MEX,NLD,Mexico,Netherlands,260400,Raw,86.59,mirror,23.634501,-102.552784,52.132633,5.291266
Nickel,NAM,CHN,Namibia,China,260400,Raw,410201229.4,direct,-22.95764,18.49041,35.86166,104.195397
Nickel,NAM,CAN,Namibia,Canada,260400,Raw,310541490.2,direct,-22.95764,18.49041,56.130366,-106.346771
Nickel,NAM,FIN,Namibia,Finland,260400,Raw,100932982,direct,-22.95764,18.49041,61.92411,25.748151
Nickel,NAM,DEU,Namibia,Germany,260400,Raw,12557834.85,direct,-22.95764,18.49041,51.165691,10.451526
Nickel,NAM,THA,Namibia,Thailand,260400,Raw,1897473.488,direct,-22.95764,18.49041,15.870032,100.992541
Nickel,NAM,GBR,Namibia,United Kingdom,260400,Raw,1308023.788,direct,-22.95764,18.49041,55.378051,-3.435973
Nickel,NAM,NLD,Namibia,Netherlands,260400,Raw,681.376,direct,-22.95764,18.49041,52.132633,5.291266
Nickel,NAM,ZAF,Namibia,South Africa,260400,Raw,66.016,direct,-22.95764,18.49041,-30.559482,22.937506
Nickel,NLD,ZAF,Netherlands,South Africa,260400,Raw,7742001.884,mirror,52.132633,5.291266,-30.559482,22.937506
Nickel,NLD,MYS,Netherlands,Malaysia,260400,Raw,4551419.576,direct,52.132633,5.291266,4.210484,101.975766
Nickel,NLD,MAR,Netherlands,Morocco,260400,Raw,2136246.689,direct,52.132633,5.291266,31.791702,-7.09262
Nickel,NLD,GRC,Netherlands,Greece,260400,Raw,352152.482,mirror,52.132633,5.291266,39.074208,21.824312
Nickel,NLD,ROU,Netherlands,Romania,260400,Raw,240818.52,mirror,52.132633,5.291266,45.943161,24.96676
Nickel,NLD,CAN,Netherlands,Canada,260400,Raw,145002.181,direct,52.132633,5.291266,56.130366,-106.346771
Nickel,NLD,SGP,Netherlands,Singapore,260400,Raw,131167.194,direct,52.132633,5.291266,1.352083,103.819836
Nickel,NLD,PHL,Netherlands,Philippines,260400,Raw,110824.935,direct,52.132633,5.291266,12.879721,121.774017
Nickel,NLD,FRA,Netherlands,France,260400,Raw,84021.948,direct,52.132633,5.291266,46.227638,2.213749
Nickel,NLD,DEU,Netherlands,Germany,260400,Raw,42994.317,direct,52.132633,5.291266,51.165691,10.451526
Nickel,NLD,BRA,Netherlands,Brazil,260400,Raw,2328,mirror,52.132633,5.291266,-14.235004,-51.92528
Nickel,NLD,ESP,Netherlands,Spain,260400,Raw,319.302,direct,52.132633,5.291266,40.463667,-3.74922
Nickel,NLD,MLT,Netherlands,Malta,260400,Raw,248.948,direct,52.132633,5.291266,35.937496,14.375416
Nickel,NLD,CYP,Netherlands,Cyprus,260400,Raw,69.272,direct,52.132633,5.291266,35.126413,33.429859
Nickel,NLD,CHL,Netherlands,Chile,260400,Raw,44.93,mirror,52.132633,5.291266,-35.675147,-71.542969
Nickel,NCL,KOR,New Caledonia,Rep. of Korea,260400,Raw,208939778,mirror,,,35.907757,127.766922
Nickel,NCL,CHN,New Caledonia,China,260400,Raw,111447773,mirror,,,35.86166,104.195397
Nickel,NCL,JPN,New Caledonia,Japan,260400,Raw,22696550.15,mirror,,,36.204824,138.252924
Nickel,NCL,CAN,New Caledonia,Canada,260400,Raw,191.86,mirror,,,56.130366,-106.346771
Nickel,NCL,BEL,New Caledonia,Belgium,260400,Raw,145.688,mirror,,,50.503887,4.469936
Nickel,NCL,IDN,New Caledonia,Indonesia,260400,Raw,20,mirror,,,-0.789275,113.921327
Nickel,NIC,CHN,Nicaragua,China,260400,Raw,164,mirror,12.865416,-85.207229,35.86166,104.195397
Nickel,NOR,FIN,Norway,Finland,260400,Raw,2813919.156,direct,60.472024,8.468946,61.92411,25.748151
Nickel,NOR,SWE,Norway,Sweden,260400,Raw,1135.544,mirror,60.472024,8.468946,60.128161,18.643501
Nickel,S19,CHN,"Other Asia, nes",China,260400,Raw,51379162.19,direct,,,35.86166,104.195397
Nickel,S19,THA,"Other Asia, nes",Thailand,260400,Raw,287595.44,mirror,,,15.870032,100.992541
Nickel,S19,DEU,"Other Asia, nes",Germany,260400,Raw,245011.135,direct,,,51.165691,10.451526
Nickel,S19,VNM,"Other Asia, nes",Viet Nam,260400,Raw,228625.14,direct,,,14.058324,108.277199
Nickel,S19,KHM,"Other Asia, nes",Cambodia,260400,Raw,196800,mirror,,,12.565679,104.990963
Nickel,S19,IDN,"Other Asia, nes",Indonesia,260400,Raw,42460.29,direct,,,-0.789275,113.921327
Nickel,S19,MYS,"Other Asia, nes",Malaysia,260400,Raw,3426.729,direct,,,4.210484,101.975766
Nickel,S19,BEL,"Other Asia, nes",Belgium,260400,Raw,1442.25,mirror,,,50.503887,4.469936
Nickel,S19,SAU,"Other Asia, nes",Saudi Arabia,260400,Raw,706.667,mirror,,,23.885942,45.079162
Nickel,S19,NLD,"Other Asia, nes",Netherlands,260400,Raw,86.59,mirror,,,52.132633,5.291266
Nickel,PAK,KOR,Pakistan,Rep. of Korea,260400,Raw,25,mirror,30.375321,69.345116,35.907757,127.766922
Nickel,PAN,GTM,Panama,Guatemala,260400,Raw,149,mirror,8.537981,-80.782127,15.783471,-90.230759
Nickel,PNG,CHN,Papua New Guinea,China,260400,Raw,2766,mirror,-6.314993,143.95555,35.86166,104.195397
Nickel,PHL,CHN,Philippines,China,260400,Raw,808631195,direct,12.879721,121.774017,35.86166,104.195397
Nickel,PHL,IDN,Philippines,Indonesia,260400,Raw,228629385,direct,12.879721,121.774017,-0.789275,113.921327
Nickel,PHL,JPN,Philippines,Japan,260400,Raw,7590000,direct,12.879721,121.774017,36.204824,138.252924
Nickel,PHL,KOR,Philippines,Rep. of Korea,260400,Raw,213428,mirror,12.879721,121.774017,35.907757,127.766922
Nickel,PHL,THA,Philippines,Thailand,260400,Raw,3000,direct,12.879721,121.774017,15.870032,100.992541
Nickel,POL,GRC,Poland,Greece,260400,Raw,315684.92,mirror,51.919438,19.145136,39.074208,21.824312
Nickel,KOR,JPN,Rep. of Korea,Japan,260400,Raw,165009,direct,35.907757,127.766922,36.204824,138.252924
Nickel,KOR,PHL,Rep. of Korea,Philippines,260400,Raw,69064,direct,35.907757,127.766922,12.879721,121.774017
Nickel,KOR,KHM,Rep. of Korea,Cambodia,260400,Raw,56065,direct,35.907757,127.766922,12.565679,104.990963
Nickel,KOR,THA,Rep. of Korea,Thailand,260400,Raw,27420,direct,35.907757,127.766922,15.870032,100.992541
Nickel,KOR,USA,Rep. of Korea,USA,260400,Raw,1890,direct,35.907757,127.766922,37.09024,-95.712891
Nickel,KOR,IDN,Rep. of Korea,Indonesia,260400,Raw,74,mirror,35.907757,127.766922,-0.789275,113.921327
Nickel,KOR,NLD,Rep. of Korea,Netherlands,260400,Raw,1.082,mirror,35.907757,127.766922,52.132633,5.291266
Nickel,RUS,CHN,Russian Federation,China,260400,Raw,320940049,mirror,61.52401,105.318756,35.86166,104.195397
Nickel,RUS,FRA,Russian Federation,France,260400,Raw,118542.308,mirror,61.52401,105.318756,46.227638,2.213749
Nickel,RUS,KAZ,Russian Federation,Kazakhstan,260400,Raw,1146.75,mirror,61.52401,105.318756,48.019573,66.923684
Nickel,SAU,JOR,Saudi Arabia,Jordan,260400,Raw,105866.664,direct,23.885942,45.079162,30.585164,36.238414
Nickel,SRB,TUR,Serbia,Türkiye,260400,Raw,2464,mirror,44.016521,21.005859,38.963745,35.243322
Nickel,SRB,NLD,Serbia,Netherlands,260400,Raw,79.014,mirror,44.016521,21.005859,52.132633,5.291266
Nickel,SRB,CAN,Serbia,Canada,260400,Raw,2.82,mirror,44.016521,21.005859,56.130366,-106.346771
Nickel,SGP,BRA,Singapore,Brazil,260400,Raw,139184,mirror,1.352083,103.819836,-14.235004,-51.92528
Nickel,SGP,IND,Singapore,India,260400,Raw,84533.889,direct,1.352083,103.819836,20.593684,78.96288
Nickel,SGP,DEU,Singapore,Germany,260400,Raw,63259.91,direct,1.352083,103.819836,51.165691,10.451526
Nickel,SGP,IDN,Singapore,Indonesia,260400,Raw,15727.792,direct,1.352083,103.819836,-0.789275,113.921327
Nickel,SGP,MYS,Singapore,Malaysia,260400,Raw,1826.316,mirror,1.352083,103.819836,4.210484,101.975766
Nickel,SGP,KOR,Singapore,Rep. of Korea,260400,Raw,17,mirror,1.352083,103.819836,35.907757,127.766922
Nickel,SVK,PHL,Slovakia,Philippines,260400,Raw,5853452.912,direct,48.669026,19.699024,12.879721,121.774017
Nickel,SLB,CHN,Solomon Isds,China,260400,Raw,38975398,mirror,,,35.86166,104.195397
Nickel,ZAF,FIN,South Africa,Finland,260400,Raw,110306433.4,mirror,-30.559482,22.937506,61.92411,25.748151
Nickel,ZAF,CHN,South Africa,China,260400,Raw,1547710.092,direct,-30.559482,22.937506,35.86166,104.195397
Nickel,ZAF,NLD,South Africa,Netherlands,260400,Raw,153577.86,direct,-30.559482,22.937506,52.132633,5.291266
Nickel,ZAF,BEL,South Africa,Belgium,260400,Raw,98597.512,direct,-30.559482,22.937506,50.503887,4.469936
Nickel,ZAF,SWZ,South Africa,Eswatini,260400,Raw,11621.144,direct,-30.559482,22.937506,-26.522503,31.465866
Nickel,ZAF,COD,South Africa,Dem. Rep. of the Congo,260400,Raw,10438.952,direct,-30.559482,22.937506,-4.038333,21.758664
Nickel,ZAF,JPN,South Africa,Japan,260400,Raw,4076.204,mirror,-30.559482,22.937506,36.204824,138.252924
Nickel,ZAF,ZMB,South Africa,Zambia,260400,Raw,851.128,direct,-30.559482,22.937506,-13.133897,27.849332
Nickel,ZAF,CIV,South Africa,Côte d'Ivoire,260400,Raw,423.44,mirror,-30.559482,22.937506,7.539989,-5.54708
Nickel,ZAF,CAN,South Africa,Canada,260400,Raw,62.072,mirror,-30.559482,22.937506,56.130366,-106.346771
Nickel,ZAF,ZWE,South Africa,Zimbabwe,260400,Raw,58.498,mirror,-30.559482,22.937506,-19.015438,29.154857
Nickel,ESP,PRT,Spain,Portugal,260400,Raw,440934.904,direct,40.463667,-3.74922,39.399872,-8.224454
Nickel,ESP,NLD,Spain,Netherlands,260400,Raw,677.57,mirror,40.463667,-3.74922,52.132633,5.291266
Nickel,ESP,BRA,Spain,Brazil,260400,Raw,354,mirror,40.463667,-3.74922,-14.235004,-51.92528
Nickel,XX ,ZAF,Special Categories,South Africa,260400,Raw,10.912,mirror,,,-30.559482,22.937506
Nickel,CHE,CAN,Switzerland,Canada,260400,Raw,108604113,mirror,46.818188,8.227512,56.130366,-106.346771
Nickel,CHE,HUN,Switzerland,Hungary,260400,Raw,1808.184,direct,46.818188,8.227512,47.162494,19.503304
Nickel,CHE,FRA,Switzerland,France,260400,Raw,63.604,direct,46.818188,8.227512,46.227638,2.213749
Nickel,CHE,KOR,Switzerland,Rep. of Korea,260400,Raw,24,mirror,46.818188,8.227512,35.907757,127.766922
Nickel,THA,DEU,Thailand,Germany,260400,Raw,1428823.672,mirror,15.870032,100.992541,51.165691,10.451526
Nickel,THA,SGP,Thailand,Singapore,260400,Raw,1183519.6,direct,15.870032,100.992541,1.352083,103.819836
Nickel,THA,JPN,Thailand,Japan,260400,Raw,19560.72,direct,15.870032,100.992541,36.204824,138.252924
Nickel,THA,PHL,Thailand,Philippines,260400,Raw,247.2,direct,15.870032,100.992541,12.879721,121.774017
Nickel,THA,KOR,Thailand,Rep. of Korea,260400,Raw,14,mirror,15.870032,100.992541,35.907757,127.766922
Nickel,TUR,BEL,Türkiye,Belgium,260400,Raw,428800,direct,38.963745,35.243322,50.503887,4.469936
Nickel,TUR,AZE,Türkiye,Azerbaijan,260400,Raw,25145.52,mirror,38.963745,35.243322,40.143105,47.576927
Nickel,TUR,USA,Türkiye,USA,260400,Raw,4321,mirror,38.963745,35.243322,37.09024,-95.712891
Nickel,TUR,ITA,Türkiye,Italy,260400,Raw,1048,direct,38.963745,35.243322,41.87194,12.56738
Nickel,TUR,CAN,Türkiye,Canada,260400,Raw,629.184,mirror,38.963745,35.243322,56.130366,-106.346771
Nickel,TUR,GBR,Türkiye,United Kingdom,260400,Raw,320,direct,38.963745,35.243322,55.378051,-3.435973
Nickel,USA,CAN,USA,Canada,260400,Raw,116314749,direct,37.09024,-95.712891,56.130366,-106.346771
Nickel,USA,THA,USA,Thailand,260400,Raw,16032567,direct,37.09024,-95.712891,15.870032,100.992541
Nickel,USA,MAR,USA,Morocco,260400,Raw,2803185,direct,37.09024,-95.712891,31.791702,-7.09262
Nickel,USA,NLD,USA,Netherlands,260400,Raw,1180180,direct,37.09024,-95.712891,52.132633,5.291266
Nickel,USA,BRA,USA,Brazil,260400,Raw,641114,direct,37.09024,-95.712891,-14.235004,-51.92528
Nickel,USA,MYS,USA,Malaysia,260400,Raw,436930,direct,37.09024,-95.712891,4.210484,101.975766
Nickel,USA,BEL,USA,Belgium,260400,Raw,291847,direct,37.09024,-95.712891,50.503887,4.469936
Nickel,USA,JPN,USA,Japan,260400,Raw,89666,direct,37.09024,-95.712891,36.204824,138.252924
Nickel,USA,MEX,USA,Mexico,260400,Raw,72111,direct,37.09024,-95.712891,23.634501,-102.552784
Nickel,USA,CHN,USA,China,260400,Raw,63435,direct,37.09024,-95.712891,35.86166,104.195397
Nickel,USA,FRA,USA,France,260400,Raw,53401,direct,37.09024,-95.712891,46.227638,2.213749
Nickel,USA,IDN,USA,Indonesia,260400,Raw,46138,direct,37.09024,-95.712891,-0.789275,113.921327
Nickel,USA,IND,USA,India,260400,Raw,39274,direct,37.09024,-95.712891,20.593684,78.96288
Nickel,USA,GBR,USA,United Kingdom,260400,Raw,34409,direct,37.09024,-95.712891,55.378051,-3.435973
Nickel,USA,AUS,USA,Australia,260400,Raw,34120,direct,37.09024,-95.712891,-25.274398,133.775136
Nickel,USA,VNM,USA,Viet Nam,260400,Raw,28080,direct,37.09024,-95.712891,14.058324,108.277199
Nickel,USA,CUW,USA,Curaçao,260400,Raw,25410,direct,37.09024,-95.712891,,
Nickel,USA,SAU,USA,Saudi Arabia,260400,Raw,15500,direct,37.09024,-95.712891,23.885942,45.079162
Nickel,USA,DEU,USA,Germany,260400,Raw,15000,direct,37.09024,-95.712891,51.165691,10.451526
Nickel,USA,ITA,USA,Italy,260400,Raw,12100,direct,37.09024,-95.712891,41.87194,12.56738
Nickel,USA,CYM,USA,Cayman Isds,260400,Raw,10222.732,mirror,37.09024,-95.712891,,
Nickel,USA,KOR,USA,Rep. of Korea,260400,Raw,7854,mirror,37.09024,-95.712891,35.907757,127.766922
Nickel,USA,SGP,USA,Singapore,260400,Raw,6963,direct,37.09024,-95.712891,1.352083,103.819836
Nickel,USA,CHE,USA,Switzerland,260400,Raw,3000,direct,37.09024,-95.712891,46.818188,8.227512
Nickel,USA,IRL,USA,Ireland,260400,Raw,2090.077,mirror,37.09024,-95.712891,53.41291,-8.24389
Nickel,USA,DNK,USA,Denmark,260400,Raw,1695.414,mirror,37.09024,-95.712891,56.26392,9.501785
Nickel,USA,FIN,USA,Finland,260400,Raw,773.332,mirror,37.09024,-95.712891,61.92411,25.748151
Nickel,USA,CZE,USA,Czechia,260400,Raw,700,mirror,37.09024,-95.712891,49.817492,15.472962
Nickel,USA,CRI,USA,Costa Rica,260400,Raw,645.55,mirror,37.09024,-95.712891,9.748917,-83.753428
Nickel,USA,BHS,USA,Bahamas,260400,Raw,310,mirror,37.09024,-95.712891,25.03428,-77.39628
Nickel,USA,ECU,USA,Ecuador,260400,Raw,253.36,mirror,37.09024,-95.712891,-1.831239,-78.183406
Nickel,USA,BOL,USA,Bolivia (Plurinational State of),260400,Raw,92,mirror,37.09024,-95.712891,-16.290154,-63.588653
Nickel,USA,NZL,USA,New Zealand,260400,Raw,49.022,mirror,37.09024,-95.712891,-40.900557,174.885971
Nickel,USA,TUR,USA,Türkiye,260400,Raw,40,mirror,37.09024,-95.712891,38.963745,35.243322
Nickel,UKR,FRA,Ukraine,France,260400,Raw,2355.26,mirror,48.379433,31.16558,46.227638,2.213749
Nickel,GBR,AUS,United Kingdom,Australia,260400,Raw,158207.74,direct,55.378051,-3.435973,-25.274398,133.775136
Nickel,GBR,SWE,United Kingdom,Sweden,260400,Raw,1514.056,mirror,55.378051,-3.435973,60.128161,18.643501
Nickel,GBR,FRA,United Kingdom,France,260400,Raw,1073.72,mirror,55.378051,-3.435973,46.227638,2.213749
Nickel,GBR,NLD,United Kingdom,Netherlands,260400,Raw,449.188,mirror,55.378051,-3.435973,52.132633,5.291266
Nickel,GBR,FIN,United Kingdom,Finland,260400,Raw,14.67,mirror,55.378051,-3.435973,61.92411,25.748151
Nickel,TZA,CHN,United Rep. of Tanzania,China,260400,Raw,29592646.19,direct,-6.369028,34.888822,35.86166,104.195397
Nickel,TZA,CHE,United Rep. of Tanzania,Switzerland,260400,Raw,870746.78,direct,-6.369028,34.888822,46.818188,8.227512
Nickel,TZA,IND,United Rep. of Tanzania,India,260400,Raw,26100,direct,-6.369028,34.888822,20.593684,78.96288
Nickel,TZA,KOR,United Rep. of Tanzania,Rep. of Korea,260400,Raw,200,direct,-6.369028,34.888822,35.907757,127.766922
Nickel,VNM,CHN,Viet Nam,China,260400,Raw,64884037,mirror,14.058324,108.277199,35.86166,104.195397
Nickel,VNM,BRA,Viet Nam,Brazil,260400,Raw,2373298,mirror,14.058324,108.277199,-14.235004,-51.92528
Nickel,VNM,KOR,Viet Nam,Rep. of Korea,260400,Raw,24,mirror,14.058324,108.277199,35.907757,127.766922
Nickel,VNM,HUN,Viet Nam,Hungary,260400,Raw,8.128,mirror,14.058324,108.277199,47.162494,19.503304
Nickel,VNM,NLD,Viet Nam,Netherlands,260400,Raw,4.33,mirror,14.058324,108.277199,52.132633,5.291266
Nickel,ZMB,NAM,Zambia,Namibia,260400,Raw,954536772.4,mirror,-13.133897,27.849332,-22.95764,18.49041
Nickel,ZMB,CAN,Zambia,Canada,260400,Raw,255705764.9,direct,-13.133897,27.849332,56.130366,-106.346771
Nickel,ZMB,FIN,Zambia,Finland,260400,Raw,117918696.2,mirror,-13.133897,27.849332,61.92411,25.748151
Nickel,ZMB,CHN,Zambia,China,260400,Raw,102124953,mirror,-13.133897,27.849332,35.86166,104.195397
Nickel,ZMB,CHE,Zambia,Switzerland,260400,Raw,67994867.86,direct,-13.133897,27.849332,46.818188,8.227512
Nickel,ZMB,NLD,Zambia,Netherlands,260400,Raw,3343.473,mirror,-13.133897,27.849332,52.132633,5.291266
Nickel,ZMB,ZAF,Zambia,South Africa,260400,Raw,1207.609,direct,-13.133897,27.849332,-30.559482,22.937506
Nickel,ZMB,USA,Zambia,USA,260400,Raw,81.074,direct,-13.133897,27.849332,37.09024,-95.712891
Nickel,ZWE,ZAF,Zimbabwe,South Africa,260400,Raw,471730094.1,direct,-19.015438,29.154857,-30.559482,22.937506
Nickel,ZWE,CHN,Zimbabwe,China,260400,Raw,1722032,mirror,-19.015438,29.154857,35.86166,104.195397
Nickel,ZWE,CHE,Zimbabwe,Switzerland,260400,Raw,477495.234,direct,-19.015438,29.154857,46.818188,8.227512
Nickel,ZWE,GBR,Zimbabwe,United Kingdom,260400,Raw,20.027,direct,-19.015438,29.154857,55.378051,-3.435973
Nickel,ZWE,_X ,Zimbabwe,"Areas, nes",260400,Raw,0.929,direct,-19.015438,29.154857,,