Mineral,reporterISO,partnerISO,Exporter,Importer,hs_codes,stage,trade_value_usd,mirror,source_lat,source_lng,target_lat,target_lng
Cobalt,_X ,LUX,"Areas, nes",Luxembourg,810520,Raw,1186088.376,mirror,,,49.815273,6.129583
Cobalt,_X ,FRA,"Areas, nes",France,810520,Raw,642739.164,mirror,,,46.227638,2.213749
Cobalt,_X ,HRV,"Areas, nes",Croatia,810520,Raw,3.0,mirror,,,45.1,15.2
Cobalt,ARG,GTM,Argentina,Guatemala,260500,Raw,5004.0,mirror,-38.416097,-63.616672,15.783471,-90.230759
Cobalt,AUS,S19,Australia,"Other Asia, nes",810520,Raw,95744849.838,direct,-25.274398,133.775136,,
Cobalt,AUS,USA,Australia,USA,810520,Raw,10844444.392,direct,-25.274398,133.775136,37.09024,-95.712891
Cobalt,AUS,NLD,Australia,Netherlands,810520,Raw,10724650.92,direct,-25.274398,133.775136,52.132633,5.291266
Cobalt,AUS,JPN,Australia,Japan,810520,Raw,6692068.628,direct,-25.274398,133.775136,36.204824,138.252924
Cobalt,AUS,AUT,Australia,Austria,810520,Raw,6602315.154,mirror,-25.274398,133.775136,47.516231,14.550072
Cobalt,AUS,CAN,Australia,Canada,810520,Raw,4139201.796,mirror,-25.274398,133.775136,56.130366,-106.346771
Cobalt,AUS,GBR,Australia,United Kingdom,810520,Raw,4126410.944,direct,-25.274398,133.775136,55.378051,-3.435973
Cobalt,AUS,CHN,Australia,China,810520,Raw,1271213.0,mirror,-25.274398,133.775136,35.86166,104.195397
Cobalt,AUS,BRA,Australia,Brazil,810520,Raw,401639.734,direct,-25.274398,133.775136,-14.235004,-51.92528
Cobalt,AUS,KOR,Australia,Rep. of Korea,260500|810520,Raw,301663.934,direct,-25.274398,133.775136,35.907757,127.766922
Cobalt,AUS,TUR,Australia,Türkiye,260500|810520,Raw,244874.494,direct,-25.274398,133.775136,38.963745,35.243322
Cobalt,AUS,MYS,Australia,Malaysia,260500|810520,Raw,210396.482,direct,-25.274398,133.775136,4.210484,101.975766
Cobalt,AUS,SAU,Australia,Saudi Arabia,810520,Raw,83363.796,direct,-25.274398,133.775136,23.885942,45.079162
Cobalt,AUS,ARG,Australia,Argentina,810520,Raw,57640.0,mirror,-25.274398,133.775136,-38.416097,-63.616672
Cobalt,AUS,ARE,Australia,United Arab Emirates,810520,Raw,39994.508,direct,-25.274398,133.775136,23.424076,53.847818
Cobalt,AUS,PRT,Australia,Portugal,810520,Raw,3898.096,mirror,-25.274398,133.775136,39.399872,-8.224454
Cobalt,AUS,PNG,Australia,Papua New Guinea,810520,Raw,1636.576,direct,-25.274398,133.775136,-6.314993,143.95555
Cobalt,AUS,FJI,Australia,Fiji,810520,Raw,178.989,mirror,-25.274398,133.775136,-16.578193,179.414413
Cobalt,AUT,CAN,Austria,Canada,810520,Raw,453733.889,direct,47.516231,14.550072,56.130366,-106.346771
Cobalt,AUT,FIN,Austria,Finland,260500,Raw,262861.54,mirror,47.516231,14.550072,61.92411,25.748151
Cobalt,AUT,SVN,Austria,Slovenia,810520,Raw,112542.673,direct,47.516231,14.550072,46.151241,14.995463
Cobalt,AUT,ITA,Austria,Italy,810520,Raw,90626.634,direct,47.516231,14.550072,41.87194,12.56738
Cobalt,AUT,GBR,Austria,United Kingdom,810520,Raw,79864.525,direct,47.516231,14.550072,55.378051,-3.435973
Cobalt,AUT,CHE,Austria,Switzerland,260500|810520,Raw,39093.125,direct,47.516231,14.550072,46.818188,8.227512
Cobalt,AUT,DEU,Austria,Germany,810520,Raw,27255.422,direct,47.516231,14.550072,51.165691,10.451526
Cobalt,AUT,ROU,Austria,Romania,810520,Raw,12223.64,mirror,47.516231,14.550072,45.943161,24.96676
Cobalt,AUT,EST,Austria,Estonia,810520,Raw,4442.089,direct,47.516231,14.550072,58.595272,25.013607
Cobalt,AUT,ESP,Austria,Spain,810520,Raw,2685.386,direct,47.516231,14.550072,40.463667,-3.74922
Cobalt,AUT,ARG,Austria,Argentina,810520,Raw,2682.24,mirror,47.516231,14.550072,-38.416097,-63.616672
Cobalt,AUT,TUR,Austria,Türkiye,810520,Raw,1886.589,direct,47.516231,14.550072,38.963745,35.243322
Cobalt,AUT,LVA,Austria,Latvia,810520,Raw,1868.189,direct,47.516231,14.550072,56.879635,24.603189
Cobalt,AUT,HUN,Austria,Hungary,810520,Raw,1539.145,direct,47.516231,14.550072,47.162494,19.503304
Cobalt,AUT,USA,Austria,USA,260500|810520,Raw,1055.321,direct,47.516231,14.550072,37.09024,-95.712891
Cobalt,AUT,BGR,Austria,Bulgaria,810520,Raw,582.321,direct,47.516231,14.550072,42.733883,25.48583
Cobalt,AUT,JPN,Austria,Japan,810520,Raw,500.06,direct,47.516231,14.550072,36.204824,138.252924
Cobalt,AUT,NOR,Austria,Norway,810520,Raw,349.904,mirror,47.516231,14.550072,60.472024,8.468946
Cobalt,AUT,PER,Austria,Peru,810520,Raw,325.797,direct,47.516231,14.550072,-9.189967,-75.015152
Cobalt,AUT,FRA,Austria,France,810520,Raw,96.332,direct,47.516231,14.550072,46.227638,2.213749
Cobalt,AUT,S19,Austria,"Other Asia, nes",810520,Raw,76.849,direct,47.516231,14.550072,,
Cobalt,AUT,CHN,Austria,China,810520,Raw,70.355,direct,47.516231,14.550072,35.86166,104.195397
Cobalt,AUT,POL,Austria,Poland,810520,Raw,25.977,direct,47.516231,14.550072,51.919438,19.145136
Cobalt,AUT,SWE,Austria,Sweden,810520,Raw,25.977,direct,47.516231,14.550072,60.128161,18.643501
Cobalt,AUT,CZE,Austria,Czechia,810520,Raw,12.989,direct,47.516231,14.550072,49.817492,15.472962
Cobalt,AUT,LTU,Austria,Lithuania,810520,Raw,12.989,direct,47.516231,14.550072,55.169438,23.881275
Cobalt,AUT,NLD,Austria,Netherlands,810520,Raw,12.989,direct,47.516231,14.550072,52.132633,5.291266
Cobalt,BGD,CHE,Bangladesh,Switzerland,810520,Raw,467.948,mirror,23.684994,90.356331,46.818188,8.227512
Cobalt,BEL,DEU,Belgium,Germany,260500|810520,Raw,20290084.733,direct,50.503887,4.469936,51.165691,10.451526
Cobalt,BEL,JPN,Belgium,Japan,810520,Raw,13936742.536,direct,50.503887,4.469936,36.204824,138.252924
Cobalt,BEL,USA,Belgium,USA,810520,Raw,11739310.362,direct,50.503887,4.469936,37.09024,-95.712891
Cobalt,BEL,FRA,Belgium,France,810520,Raw,11241313.899,direct,50.503887,4.469936,46.227638,2.213749
Cobalt,BEL,IND,Belgium,India,810520,Raw,9491356.825,direct,50.503887,4.469936,20.593684,78.96288
Cobalt,BEL,BRA,Belgium,Brazil,810520,Raw,9467219.449,direct,50.503887,4.469936,-14.235004,-51.92528
Cobalt,BEL,KOR,Belgium,Rep. of Korea,810520,Raw,5258176.988,direct,50.503887,4.469936,35.907757,127.766922
Cobalt,BEL,ITA,Belgium,Italy,810520,Raw,4715838.341,direct,50.503887,4.469936,41.87194,12.56738
Cobalt,BEL,NLD,Belgium,Netherlands,260500|810520,Raw,3237393.0500000003,direct,50.503887,4.469936,52.132633,5.291266
Cobalt,BEL,AUT,Belgium,Austria,810520,Raw,3214447.137,direct,50.503887,4.469936,47.516231,14.550072
Cobalt,BEL,GBR,Belgium,United Kingdom,810520,Raw,2964374.875,direct,50.503887,4.469936,55.378051,-3.435973
Cobalt,BEL,TUR,Belgium,Türkiye,810520,Raw,2751479.871,direct,50.503887,4.469936,38.963745,35.243322
Cobalt,BEL,SWE,Belgium,Sweden,810520,Raw,2082185.942,direct,50.503887,4.469936,60.128161,18.643501
Cobalt,BEL,CHN,Belgium,China,810520,Raw,1786902.064,direct,50.503887,4.469936,35.86166,104.195397
Cobalt,BEL,ESP,Belgium,Spain,810520,Raw,1006300.111,direct,50.503887,4.469936,40.463667,-3.74922
Cobalt,BEL,COL,Belgium,Colombia,810520,Raw,751713.706,direct,50.503887,4.469936,4.570868,-74.297333
Cobalt,BEL,PRT,Belgium,Portugal,810520,Raw,528039.535,direct,50.503887,4.469936,39.399872,-8.224454
Cobalt,BEL,ARG,Belgium,Argentina,810520,Raw,398872.342,direct,50.503887,4.469936,-38.416097,-63.616672
Cobalt,BEL,THA,Belgium,Thailand,810520,Raw,354795.818,direct,50.503887,4.469936,15.870032,100.992541
Cobalt,BEL,CAN,Belgium,Canada,810520,Raw,333330.146,direct,50.503887,4.469936,56.130366,-106.346771
Cobalt,BEL,S19,Belgium,"Other Asia, nes",810520,Raw,282742.476,direct,50.503887,4.469936,,
Cobalt,BEL,POL,Belgium,Poland,260500|810520,Raw,198129.731,direct,50.503887,4.469936,51.919438,19.145136
Cobalt,BEL,CHE,Belgium,Switzerland,810520,Raw,158798.667,direct,50.503887,4.469936,46.818188,8.227512
Cobalt,BEL,UKR,Belgium,Ukraine,810520,Raw,122222.402,direct,50.503887,4.469936,48.379433,31.16558
Cobalt,BEL,MEX,Belgium,Mexico,810520,Raw,89738.162,direct,50.503887,4.469936,23.634501,-102.552784
Cobalt,BEL,ARE,Belgium,United Arab Emirates,810520,Raw,85224.04,direct,50.503887,4.469936,23.424076,53.847818
Cobalt,BEL,LUX,Belgium,Luxembourg,260500|810520,Raw,72180.327,direct,50.503887,4.469936,49.815273,6.129583
Cobalt,BEL,GRC,Belgium,Greece,810520,Raw,60174.693,direct,50.503887,4.469936,39.074208,21.824312
Cobalt,BEL,CZE,Belgium,Czechia,810520,Raw,54984.44,direct,50.503887,4.469936,49.817492,15.472962
Cobalt,BEL,AUS,Belgium,Australia,810520,Raw,46600.278,direct,50.503887,4.469936,-25.274398,133.775136
Cobalt,BEL,EST,Belgium,Estonia,810520,Raw,36821.2,mirror,50.503887,4.469936,58.595272,25.013607
Cobalt,BEL,ISR,Belgium,Israel,810520,Raw,34986.227,direct,50.503887,4.469936,31.046051,34.851612
Cobalt,BEL,PHL,Belgium,Philippines,810520,Raw,34851.482,direct,50.503887,4.469936,12.879721,121.774017
Cobalt,BEL,SGP,Belgium,Singapore,810520,Raw,24930.285,direct,50.503887,4.469936,1.352083,103.819836
Cobalt,BEL,SVK,Belgium,Slovakia,810520,Raw,13722.571,direct,50.503887,4.469936,48.669026,19.699024
Cobalt,BEL,SRB,Belgium,Serbia,810520,Raw,8314.738,direct,50.503887,4.469936,44.016521,21.005859
Cobalt,BEL,SAU,Belgium,Saudi Arabia,810520,Raw,6017.711,direct,50.503887,4.469936,23.885942,45.079162
Cobalt,BEL,VNM,Belgium,Viet Nam,810520,Raw,5961.319,direct,50.503887,4.469936,14.058324,108.277199
Cobalt,BEL,SVN,Belgium,Slovenia,810520,Raw,3776.88,direct,50.503887,4.469936,46.151241,14.995463
Cobalt,BEL,HUN,Belgium,Hungary,810520,Raw,3370.435,direct,50.503887,4.469936,47.162494,19.503304
Cobalt,BEL,VEN,Belgium,Venezuela,810520,Raw,2157.531,direct,50.503887,4.469936,6.42375,-66.58973
Cobalt,BEL,ARM,Belgium,Armenia,810520,Raw,2121.32,mirror,50.503887,4.469936,40.069099,45.038189
Cobalt,BEL,BGR,Belgium,Bulgaria,810520,Raw,1718.214,direct,50.503887,4.469936,42.733883,25.48583
Cobalt,BEL,NZL,Belgium,New Zealand,810520,Raw,585.847,mirror,50.503887,4.469936,-40.900557,174.885971
Cobalt,BEL,ZAF,Belgium,South Africa,810520,Raw,166.687,direct,50.503887,4.469936,-30.559482,22.937506
Cobalt,BRA,USA,Brazil,USA,810520,Raw,503792.0,direct,-14.235004,-51.92528,37.09024,-95.712891
Cobalt,BRA,BEL,Brazil,Belgium,810520,Raw,51177.6,mirror,-14.235004,-51.92528,50.503887,4.469936
Cobalt,BRA,MOZ,Brazil,Mozambique,810520,Raw,1426.0,direct,-14.235004,-51.92528,-18.665695,35.529562
Cobalt,BRA,FRA,Brazil,France,810520,Raw,567.168,mirror,-14.235004,-51.92528,46.227638,2.213749
Cobalt,BRA,CHN,Brazil,China,260500,Raw,54.0,mirror,-14.235004,-51.92528,35.86166,104.195397
Cobalt,BGR,TZA,Bulgaria,United Rep. of Tanzania,810520,Raw,1207.544,mirror,42.733883,25.48583,-6.369028,34.888822
Cobalt,BGR,TUR,Bulgaria,Türkiye,260500,Raw,8.0,mirror,42.733883,25.48583,38.963745,35.243322
Cobalt,BGR,NLD,Bulgaria,Netherlands,810520,Raw,1.082,mirror,42.733883,25.48583,52.132633,5.291266
Cobalt,CAN,NLD,Canada,Netherlands,810520,Raw,162605491.108,direct,56.130366,-106.346771,52.132633,5.291266
Cobalt,CAN,NOR,Canada,Norway,810520,Raw,160722955.64,direct,56.130366,-106.346771,60.472024,8.468946
Cobalt,CAN,CHN,Canada,China,810520,Raw,145580951.216,direct,56.130366,-106.346771,35.86166,104.195397
Cobalt,CAN,USA,Canada,USA,260500|810520,Raw,127671636.208,direct,56.130366,-106.346771,37.09024,-95.712891
Cobalt,CAN,BEL,Canada,Belgium,810520,Raw,122498703.296,direct,56.130366,-106.346771,50.503887,4.469936
Cobalt,CAN,JPN,Canada,Japan,810520,Raw,59575090.504,direct,56.130366,-106.346771,36.204824,138.252924
Cobalt,CAN,S19,Canada,"Other Asia, nes",810520,Raw,49581666.996,direct,56.130366,-106.346771,,
Cobalt,CAN,GBR,Canada,United Kingdom,810520,Raw,26615821.116,direct,56.130366,-106.346771,55.378051,-3.435973
Cobalt,CAN,KOR,Canada,Rep. of Korea,810520,Raw,25631205.924,direct,56.130366,-106.346771,35.907757,127.766922
Cobalt,CAN,BRA,Canada,Brazil,810520,Raw,4470138.0,mirror,56.130366,-106.346771,-14.235004,-51.92528
Cobalt,CAN,SVN,Canada,Slovenia,810520,Raw,2793053.424,mirror,56.130366,-106.346771,46.151241,14.995463
Cobalt,CAN,CAN,Canada,Canada,810520,Raw,2753155.324,mirror,56.130366,-106.346771,56.130366,-106.346771
Cobalt,CAN,SGP,Canada,Singapore,810520,Raw,2698399.304,direct,56.130366,-106.346771,1.352083,103.819836
Cobalt,CAN,IND,Canada,India,260500|810520,Raw,2623884.1920000003,direct,56.130366,-106.346771,20.593684,78.96288
Cobalt,CAN,THA,Canada,Thailand,810520,Raw,2047971.608,direct,56.130366,-106.346771,15.870032,100.992541
Cobalt,CAN,AUT,Canada,Austria,810520,Raw,1283382.841,mirror,56.130366,-106.346771,47.516231,14.550072
Cobalt,CAN,IDN,Canada,Indonesia,810520,Raw,1047796.0,mirror,56.130366,-106.346771,-0.789275,113.921327
Cobalt,CAN,DEU,Canada,Germany,810520,Raw,857043.004,direct,56.130366,-106.346771,51.165691,10.451526
Cobalt,CAN,PAK,Canada,Pakistan,810520,Raw,475069.879,mirror,56.130366,-106.346771,30.375321,69.345116
Cobalt,CAN,CZE,Canada,Czechia,810520,Raw,328880.0,mirror,56.130366,-106.346771,49.817492,15.472962
Cobalt,CAN,FIN,Canada,Finland,810520,Raw,254498.256,direct,56.130366,-106.346771,61.92411,25.748151
Cobalt,CAN,CHE,Canada,Switzerland,810520,Raw,175571.14,mirror,56.130366,-106.346771,46.818188,8.227512
Cobalt,CAN,POL,Canada,Poland,810520,Raw,81097.0,mirror,56.130366,-106.346771,51.919438,19.145136
Cobalt,CAN,IRL,Canada,Ireland,810520,Raw,68457.016,direct,56.130366,-106.346771,53.41291,-8.24389
Cobalt,CAN,FRA,Canada,France,810520,Raw,47868.844,direct,56.130366,-106.346771,46.227638,2.213749
Cobalt,CAN,ITA,Canada,Italy,810520,Raw,45414.902,mirror,56.130366,-106.346771,41.87194,12.56738
Cobalt,CAN,TUR,Canada,Türkiye,260500|810520,Raw,29064.796,direct,56.130366,-106.346771,38.963745,35.243322
Cobalt,CAN,SWE,Canada,Sweden,810520,Raw,22791.732,direct,56.130366,-106.346771,60.128161,18.643501
Cobalt,CAN,BGR,Canada,Bulgaria,810520,Raw,13372.852,mirror,56.130366,-106.346771,42.733883,25.48583
Cobalt,CAN,EST,Canada,Estonia,810520,Raw,3097.96,direct,56.130366,-106.346771,58.595272,25.013607
Cobalt,CAN,ISR,Canada,Israel,810520,Raw,1000.0,mirror,56.130366,-106.346771,31.046051,34.851612
Cobalt,CHN,NLD,China,Netherlands,260500|810520,Raw,140394805.119,direct,35.86166,104.195397,52.132633,5.291266
Cobalt,CHN,USA,China,USA,260500|810520,Raw,26669666.0,direct,35.86166,104.195397,37.09024,-95.712891
Cobalt,CHN,JPN,China,Japan,810520,Raw,15673216.0,direct,35.86166,104.195397,36.204824,138.252924
Cobalt,CHN,S19,China,"Other Asia, nes",810520,Raw,15161180.0,direct,35.86166,104.195397,,
Cobalt,CHN,KOR,China,Rep. of Korea,260500|810520,Raw,14629123.0,direct,35.86166,104.195397,35.907757,127.766922
Cobalt,CHN,IND,China,India,810520,Raw,9586220.0,direct,35.86166,104.195397,20.593684,78.96288
Cobalt,CHN,AUS,China,Australia,810520,Raw,7816801.0,direct,35.86166,104.195397,-25.274398,133.775136
Cobalt,CHN,GBR,China,United Kingdom,810520,Raw,6115632.0,direct,35.86166,104.195397,55.378051,-3.435973
Cobalt,CHN,SVN,China,Slovenia,810520,Raw,5848046.132,mirror,35.86166,104.195397,46.151241,14.995463
Cobalt,CHN,RUS,China,Russian Federation,810520,Raw,3761613.0,direct,35.86166,104.195397,61.52401,105.318756
Cobalt,CHN,IRL,China,Ireland,810520,Raw,3124969.85,mirror,35.86166,104.195397,53.41291,-8.24389
Cobalt,CHN,BRA,China,Brazil,810520,Raw,2405928.0,direct,35.86166,104.195397,-14.235004,-51.92528
Cobalt,CHN,DEU,China,Germany,810520,Raw,2102686.0,direct,35.86166,104.195397,51.165691,10.451526
Cobalt,CHN,THA,China,Thailand,260500|810520,Raw,1248490.6,direct,35.86166,104.195397,15.870032,100.992541
Cobalt,CHN,ISR,China,Israel,810520,Raw,1035947.0,direct,35.86166,104.195397,31.046051,34.851612
Cobalt,CHN,SGP,China,Singapore,260500|810520,Raw,983559.334,direct,35.86166,104.195397,1.352083,103.819836
Cobalt,CHN,SVK,China,Slovakia,810520,Raw,972064.24,mirror,35.86166,104.195397,48.669026,19.699024
Cobalt,CHN,PAK,China,Pakistan,810520,Raw,900547.0,direct,35.86166,104.195397,30.375321,69.345116
Cobalt,CHN,IRN,China,Iran,810520,Raw,832000.0,direct,35.86166,104.195397,32.427908,53.688046
Cobalt,CHN,BEL,China,Belgium,810520,Raw,572012.0,direct,35.86166,104.195397,50.503887,4.469936
Cobalt,CHN,AZE,China,Azerbaijan,810520,Raw,368690.08,mirror,35.86166,104.195397,40.143105,47.576927
Cobalt,CHN,CAN,China,Canada,810520,Raw,359947.0,direct,35.86166,104.195397,56.130366,-106.346771
Cobalt,CHN,TZA,China,United Rep. of Tanzania,810520,Raw,280500.0,direct,35.86166,104.195397,-6.369028,34.888822
Cobalt,CHN,MYS,China,Malaysia,260500|810520,Raw,279480.118,direct,35.86166,104.195397,4.210484,101.975766
Cobalt,CHN,VNM,China,Viet Nam,810520,Raw,265248.0,direct,35.86166,104.195397,14.058324,108.277199
Cobalt,CHN,TUR,China,Türkiye,260500|810520,Raw,252522.0,direct,35.86166,104.195397,38.963745,35.243322
Cobalt,CHN,ESP,China,Spain,260500|810520,Raw,244635.824,direct,35.86166,104.195397,40.463667,-3.74922
Cobalt,CHN,ARE,China,United Arab Emirates,810520,Raw,188061.0,direct,35.86166,104.195397,23.424076,53.847818
Cobalt,CHN,PRT,China,Portugal,810520,Raw,143768.454,mirror,35.86166,104.195397,39.399872,-8.224454
Cobalt,CHN,POL,China,Poland,810520,Raw,116489.0,direct,35.86166,104.195397,51.919438,19.145136
Cobalt,CHN,EST,China,Estonia,810520,Raw,106208.32,mirror,35.86166,104.195397,58.595272,25.013607
Cobalt,CHN,BIH,China,Bosnia Herzegovina,810520,Raw,86039.88,mirror,35.86166,104.195397,43.915886,17.679076
Cobalt,CHN,HUN,China,Hungary,260500|810520,Raw,75525.176,direct,35.86166,104.195397,47.162494,19.503304
Cobalt,CHN,GRC,China,Greece,810520,Raw,62217.0,direct,35.86166,104.195397,39.074208,21.824312
Cobalt,CHN,IDN,China,Indonesia,260500|810520,Raw,60170.0,direct,35.86166,104.195397,-0.789275,113.921327
Cobalt,CHN,FIN,China,Finland,260500|810520,Raw,54461.862,direct,35.86166,104.195397,61.92411,25.748151
Cobalt,CHN,FRA,China,France,260500|810520,Raw,38469.108,direct,35.86166,104.195397,46.227638,2.213749
Cobalt,CHN,ITA,China,Italy,810520,Raw,32792.0,direct,35.86166,104.195397,41.87194,12.56738
Cobalt,CHN,BLR,China,Belarus,810520,Raw,28754.0,direct,35.86166,104.195397,53.709807,27.953389
Cobalt,CHN,CHE,China,Switzerland,810520,Raw,24280.0,direct,35.86166,104.195397,46.818188,8.227512
Cobalt,CHN,ALB,China,Albania,810520,Raw,22187.0,direct,35.86166,104.195397,41.153332,20.168331
Cobalt,CHN,MDA,China,Rep. of Moldova,810520,Raw,18941.0,direct,35.86166,104.195397,47.411631,28.369885
Cobalt,CHN,GEO,China,Georgia,810520,Raw,15029.992,mirror,35.86166,104.195397,42.315407,43.356892
Cobalt,CHN,ARG,China,Argentina,260500|810520,Raw,14858.0,direct,35.86166,104.195397,-38.416097,-63.616672
Cobalt,CHN,ROU,China,Romania,810520,Raw,14629.0,direct,35.86166,104.195397,45.943161,24.96676
Cobalt,CHN,MKD,China,North Macedonia,810520,Raw,13349.0,direct,35.86166,104.195397,41.608635,21.745275
Cobalt,CHN,MMR,China,Myanmar,810520,Raw,12998.0,direct,35.86166,104.195397,21.913965,95.956223
Cobalt,CHN,DZA,China,Algeria,810520,Raw,12600.0,direct,35.86166,104.195397,28.033886,1.659626
Cobalt,CHN,MEX,China,Mexico,810520,Raw,7446.0,direct,35.86166,104.195397,23.634501,-102.552784
Cobalt,CHN,UKR,China,Ukraine,810520,Raw,6330.0,direct,35.86166,104.195397,48.379433,31.16558
Cobalt,CHN,UGA,China,Uganda,810520,Raw,5991.0,mirror,35.86166,104.195397,1.373333,32.290275
Cobalt,CHN,_X ,China,"Areas, nes",810520,Raw,5684.0,direct,35.86166,104.195397,,
Cobalt,CHN,HRV,China,Croatia,810520,Raw,5600.0,direct,35.86166,104.195397,45.1,15.2
Cobalt,CHN,JOR,China,Jordan,810520,Raw,4510.0,direct,35.86166,104.195397,30.585164,36.238414
Cobalt,CHN,PRY,China,Paraguay,810520,Raw,4006.82,mirror,35.86166,104.195397,-23.442503,-58.443832
Cobalt,CHN,ZAF,China,South Africa,810520,Raw,3489.0,direct,35.86166,104.195397,-30.559482,22.937506
Cobalt,CHN,CHL,China,Chile,810520,Raw,2949.0,direct,35.86166,104.195397,-35.675147,-71.542969
Cobalt,CHN,BGR,China,Bulgaria,810520,Raw,2559.0,direct,35.86166,104.195397,42.733883,25.48583
Cobalt,CHN,AUT,China,Austria,810520,Raw,2100.0,direct,35.86166,104.195397,47.516231,14.550072
Cobalt,CHN,SRB,China,Serbia,810520,Raw,2000.0,direct,35.86166,104.195397,44.016521,21.005859
Cobalt,CHN,IRQ,China,Iraq,810520,Raw,1880.0,direct,35.86166,104.195397,33.223191,43.679291
Cobalt,CHN,PER,China,Peru,810520,Raw,1329.64,mirror,35.86166,104.195397,-9.189967,-75.015152
Cobalt,CHN,UZB,China,Uzbekistan,810520,Raw,1243.0,mirror,35.86166,104.195397,41.377491,64.585262
Cobalt,CHN,BHR,China,Bahrain,810520,Raw,1159.165,mirror,35.86166,104.195397,26.0275,50.55
Cobalt,CHN,CZE,China,Czechia,810520,Raw,734.0,direct,35.86166,104.195397,49.817492,15.472962
Cobalt,CHN,SEN,China,Senegal,810520,Raw,593.0,direct,35.86166,104.195397,14.497401,14.452362
Cobalt,CHN,NZL,China,New Zealand,810520,Raw,560.0,direct,35.86166,104.195397,-40.900557,174.885971
Cobalt,CHN,EGY,China,Egypt,810520,Raw,400.0,direct,35.86166,104.195397,26.820553,30.802498
Cobalt,CHN,NOR,China,Norway,810520,Raw,373.912,mirror,35.86166,104.195397,60.472024,8.468946
Cobalt,CHN,MAR,China,Morocco,810520,Raw,335.534,mirror,35.86166,104.195397,31.791702,-7.09262
Cobalt,CHN,SWE,China,Sweden,810520,Raw,274.0,direct,35.86166,104.195397,60.128161,18.643501
Cobalt,CHN,SLV,China,El Salvador,260500,Raw,6.56,mirror,35.86166,104.195397,13.794185,-88.89653
Cobalt,COL,BEL,Colombia,Belgium,810520,Raw,1430069.844,mirror,4.570868,-74.297333,50.503887,4.469936
Cobalt,COL,ESP,Colombia,Spain,810520,Raw,240658.744,mirror,4.570868,-74.297333,40.463667,-3.74922
Cobalt,COG,MYS,Congo,Malaysia,810520,Raw,51943574.126,mirror,-0.228021,15.827659,4.210484,101.975766
Cobalt,COG,BEL,Congo,Belgium,810520,Raw,2862651.406,mirror,-0.228021,15.827659,50.503887,4.469936
Cobalt,COG,CHN,Congo,China,810520,Raw,707730.0,mirror,-0.228021,15.827659,35.86166,104.195397
Cobalt,COK,AUS,Cook Isds,Australia,260500,Raw,2192.222,mirror,,,-25.274398,133.775136
Cobalt,COK,IDN,Cook Isds,Indonesia,260500,Raw,652.0,mirror,,,-0.789275,113.921327
Cobalt,HRV,SRB,Croatia,Serbia,810520,Raw,196205.0,direct,45.1,15.2,44.016521,21.005859
Cobalt,HRV,SVN,Croatia,Slovenia,810520,Raw,175694.0,direct,45.1,15.2,46.151241,14.995463
Cobalt,HRV,HUN,Croatia,Hungary,810520,Raw,85408.0,direct,45.1,15.2,47.162494,19.503304
Cobalt,HRV,DEU,Croatia,Germany,810520,Raw,77325.0,direct,45.1,15.2,51.165691,10.451526
Cobalt,HRV,BIH,Croatia,Bosnia Herzegovina,810520,Raw,71496.0,direct,45.1,15.2,43.915886,17.679076
Cobalt,HRV,SVK,Croatia,Slovakia,810520,Raw,59851.0,direct,45.1,15.2,48.669026,19.699024
Cobalt,HRV,AUT,Croatia,Austria,810520,Raw,2495.0,direct,45.1,15.2,47.516231,14.550072
Cobalt,HRV,TUR,Croatia,Türkiye,810520,Raw,108.0,direct,45.1,15.2,38.963745,35.243322
Cobalt,CYP,NLD,Cyprus,Netherlands,810520,Raw,20.565,mirror,35.126413,33.429859,52.132633,5.291266
Cobalt,CZE,ITA,Czechia,Italy,810520,Raw,242326.333,mirror,49.817492,15.472962,41.87194,12.56738
Cobalt,CZE,FRA,Czechia,France,810520,Raw,235614.0,direct,49.817492,15.472962,46.227638,2.213749
Cobalt,CZE,TUR,Czechia,Türkiye,810520,Raw,50160.0,mirror,49.817492,15.472962,38.963745,35.243322
Cobalt,CZE,SRB,Czechia,Serbia,810520,Raw,49384.0,mirror,49.817492,15.472962,44.016521,21.005859
Cobalt,CZE,DEU,Czechia,Germany,810520,Raw,46922.0,direct,49.817492,15.472962,51.165691,10.451526
Cobalt,CZE,SVN,Czechia,Slovenia,810520,Raw,14394.0,direct,49.817492,15.472962,46.151241,14.995463
Cobalt,CZE,RUS,Czechia,Russian Federation,810520,Raw,14114.0,direct,49.817492,15.472962,61.52401,105.318756
Cobalt,CZE,POL,Czechia,Poland,810520,Raw,7148.0,direct,49.817492,15.472962,51.919438,19.145136
Cobalt,CZE,LUX,Czechia,Luxembourg,810520,Raw,1590.0,direct,49.817492,15.472962,49.815273,6.129583
Cobalt,CZE,NLD,Czechia,Netherlands,810520,Raw,112.568,mirror,49.817492,15.472962,52.132633,5.291266
Cobalt,COD,CHN,Dem. Rep. of the Congo,China,260500|810520,Raw,3020221174.0,mirror,-4.038333,21.758664,35.86166,104.195397
Cobalt,COD,MAR,Dem. Rep. of the Congo,Morocco,260500,Raw,37343489.271,mirror,-4.038333,21.758664,31.791702,-7.09262
Cobalt,COD,KOR,Dem. Rep. of the Congo,Rep. of Korea,810520,Raw,26972893.0,mirror,-4.038333,21.758664,35.907757,127.766922
Cobalt,COD,S19,Dem. Rep. of the Congo,"Other Asia, nes",260500,Raw,13709876.115,mirror,-4.038333,21.758664,,
Cobalt,COD,BEL,Dem. Rep. of the Congo,Belgium,810520,Raw,4236583.556,mirror,-4.038333,21.758664,50.503887,4.469936
Cobalt,COD,TUR,Dem. Rep. of the Congo,Türkiye,810520,Raw,80.0,mirror,-4.038333,21.758664,38.963745,35.243322
Cobalt,DNK,GTM,Denmark,Guatemala,810520,Raw,11878.0,mirror,56.26392,9.501785,15.783471,-90.230759
Cobalt,DNK,FRO,Denmark,Faroe Isds,810520,Raw,7311.645,direct,56.26392,9.501785,,
Cobalt,DNK,CHE,Denmark,Switzerland,810520,Raw,5876.874,direct,56.26392,9.501785,46.818188,8.227512
Cobalt,DNK,GRL,Denmark,Greenland,810520,Raw,2406.127,direct,56.26392,9.501785,,
Cobalt,DNK,CAN,Denmark,Canada,810520,Raw,1376.463,direct,56.26392,9.501785,56.130366,-106.346771
Cobalt,DNK,ARE,Denmark,United Arab Emirates,810520,Raw,1093.483,direct,56.26392,9.501785,23.424076,53.847818
Cobalt,DNK,SVK,Denmark,Slovakia,810520,Raw,638.772,direct,56.26392,9.501785,48.669026,19.699024
Cobalt,DNK,CYP,Denmark,Cyprus,810520,Raw,300.24,direct,56.26392,9.501785,35.126413,33.429859
Cobalt,DNK,NLD,Denmark,Netherlands,810520,Raw,1.082,mirror,56.26392,9.501785,52.132633,5.291266
Cobalt,ECU,DEU,Ecuador,Germany,260500,Raw,226.344,mirror,-1.831239,-78.183406,51.165691,10.451526
Cobalt,EST,GRC,Estonia,Greece,810520,Raw,1491.52,mirror,58.595272,25.013607,39.074208,21.824312
Cobalt,EST,NLD,Estonia,Netherlands,810520,Raw,1.082,mirror,58.595272,25.013607,52.132633,5.291266
Cobalt,FIN,JPN,Finland,Japan,810520,Raw,58148230.723,mirror,61.92411,25.748151,36.204824,138.252924
Cobalt,FIN,DEU,Finland,Germany,810520,Raw,44046042.427999996,mirror,61.92411,25.748151,51.165691,10.451526
Cobalt,FIN,BEL,Finland,Belgium,810520,Raw,24768532.203,mirror,61.92411,25.748151,50.503887,4.469936
Cobalt,FIN,TUR,Finland,Türkiye,810520,Raw,21809728.0,mirror,61.92411,25.748151,38.963745,35.243322
Cobalt,FIN,SWE,Finland,Sweden,810520,Raw,7021815.44,mirror,61.92411,25.748151,60.128161,18.643501
Cobalt,FIN,FRA,Finland,France,810520,Raw,6634637.2,mirror,61.92411,25.748151,46.227638,2.213749
Cobalt,FIN,GBR,Finland,United Kingdom,810520,Raw,6296744.228,mirror,61.92411,25.748151,55.378051,-3.435973
Cobalt,FIN,USA,Finland,USA,810520,Raw,6169062.0,mirror,61.92411,25.748151,37.09024,-95.712891
Cobalt,FIN,BRA,Finland,Brazil,810520,Raw,5508218.0,mirror,61.92411,25.748151,-14.235004,-51.92528
Cobalt,FIN,IND,Finland,India,810520,Raw,5198412.404,mirror,61.92411,25.748151,20.593684,78.96288
Cobalt,FIN,CHE,Finland,Switzerland,810520,Raw,4745359.176,mirror,61.92411,25.748151,46.818188,8.227512
Cobalt,FIN,CAN,Finland,Canada,810520,Raw,4689586.267999999,mirror,61.92411,25.748151,56.130366,-106.346771
Cobalt,FIN,CHN,Finland,China,810520,Raw,3688365.0,mirror,61.92411,25.748151,35.86166,104.195397
Cobalt,FIN,ESP,Finland,Spain,810520,Raw,1193365.32,mirror,61.92411,25.748151,40.463667,-3.74922
Cobalt,FIN,AUT,Finland,Austria,810520,Raw,1117245.017,mirror,61.92411,25.748151,47.516231,14.550072
Cobalt,FIN,KOR,Finland,Rep. of Korea,810520,Raw,701499.0,mirror,61.92411,25.748151,35.907757,127.766922
Cobalt,FIN,THA,Finland,Thailand,810520,Raw,641880.88,mirror,61.92411,25.748151,15.870032,100.992541
Cobalt,FIN,COL,Finland,Colombia,810520,Raw,631524.28,mirror,61.92411,25.748151,4.570868,-74.297333
Cobalt,FIN,S19,Finland,"Other Asia, nes",810520,Raw,290243.96,mirror,61.92411,25.748151,,
Cobalt,FIN,PRT,Finland,Portugal,810520,Raw,260392.744,mirror,61.92411,25.748151,39.399872,-8.224454
Cobalt,FIN,ITA,Finland,Italy,810520,Raw,216883.928,mirror,61.92411,25.748151,41.87194,12.56738
Cobalt,FIN,SRB,Finland,Serbia,810520,Raw,128936.0,mirror,61.92411,25.748151,44.016521,21.005859
Cobalt,FIN,NLD,Finland,Netherlands,810520,Raw,108311.648,mirror,61.92411,25.748151,52.132633,5.291266
Cobalt,FIN,POL,Finland,Poland,810520,Raw,6532.0,mirror,61.92411,25.748151,51.919438,19.145136
Cobalt,FIN,NOR,Finland,Norway,810520,Raw,2935.65,mirror,61.92411,25.748151,60.472024,8.468946
Cobalt,FIN,PAK,Finland,Pakistan,810520,Raw,116.789,mirror,61.92411,25.748151,30.375321,69.345116
Cobalt,FRA,DEU,France,Germany,260500|810520,Raw,35774812.986,direct,46.227638,2.213749,51.165691,10.451526
Cobalt,FRA,GBR,France,United Kingdom,810520,Raw,28851916.226,direct,46.227638,2.213749,55.378051,-3.435973
Cobalt,FRA,IRL,France,Ireland,810520,Raw,13241907.492,direct,46.227638,2.213749,53.41291,-8.24389
Cobalt,FRA,ITA,France,Italy,260500|810520,Raw,8357540.109999999,direct,46.227638,2.213749,41.87194,12.56738
Cobalt,FRA,IND,France,India,810520,Raw,5190096.568,direct,46.227638,2.213749,20.593684,78.96288
Cobalt,FRA,CHN,France,China,810520,Raw,2924007.518,direct,46.227638,2.213749,35.86166,104.195397
Cobalt,FRA,TUR,France,Türkiye,810520,Raw,2445703.592,direct,46.227638,2.213749,38.963745,35.243322
Cobalt,FRA,CAN,France,Canada,810520,Raw,2195535.16,direct,46.227638,2.213749,56.130366,-106.346771
Cobalt,FRA,SWE,France,Sweden,810520,Raw,1960507.0659999999,direct,46.227638,2.213749,60.128161,18.643501
Cobalt,FRA,PHL,France,Philippines,810520,Raw,1387442.9,direct,46.227638,2.213749,12.879721,121.774017
Cobalt,FRA,POL,France,Poland,810520,Raw,1070153.892,direct,46.227638,2.213749,51.919438,19.145136
Cobalt,FRA,USA,France,USA,810520,Raw,1046999.6059999999,direct,46.227638,2.213749,37.09024,-95.712891
Cobalt,FRA,SVK,France,Slovakia,810520,Raw,899271.995,direct,46.227638,2.213749,48.669026,19.699024
Cobalt,FRA,SRB,France,Serbia,810520,Raw,889127.924,direct,46.227638,2.213749,44.016521,21.005859
Cobalt,FRA,PRT,France,Portugal,810520,Raw,747859.956,direct,46.227638,2.213749,39.399872,-8.224454
Cobalt,FRA,ESP,France,Spain,810520,Raw,457422.642,direct,46.227638,2.213749,40.463667,-3.74922
Cobalt,FRA,KOR,France,Rep. of Korea,810520,Raw,395960.74600000004,direct,46.227638,2.213749,35.907757,127.766922
Cobalt,FRA,JPN,France,Japan,810520,Raw,339075.16,direct,46.227638,2.213749,36.204824,138.252924
Cobalt,FRA,TUN,France,Tunisia,810520,Raw,337613.467,mirror,46.227638,2.213749,33.886917,9.537499
Cobalt,FRA,CHE,France,Switzerland,810520,Raw,292944.108,direct,46.227638,2.213749,46.818188,8.227512
Cobalt,FRA,SVN,France,Slovenia,810520,Raw,201989.512,direct,46.227638,2.213749,46.151241,14.995463
Cobalt,FRA,HUN,France,Hungary,810520,Raw,171388.452,direct,46.227638,2.213749,47.162494,19.503304
Cobalt,FRA,BEL,France,Belgium,260500|810520,Raw,149896.704,direct,46.227638,2.213749,50.503887,4.469936
Cobalt,FRA,NLD,France,Netherlands,810520,Raw,144276.986,direct,46.227638,2.213749,52.132633,5.291266
Cobalt,FRA,ZAF,France,South Africa,810520,Raw,136812.892,direct,46.227638,2.213749,-30.559482,22.937506
Cobalt,FRA,AUT,France,Austria,810520,Raw,104648.872,direct,46.227638,2.213749,47.516231,14.550072
Cobalt,FRA,BGR,France,Bulgaria,810520,Raw,98752.064,direct,46.227638,2.213749,42.733883,25.48583
Cobalt,FRA,LBN,France,Lebanon,810520,Raw,94582.736,direct,46.227638,2.213749,33.854721,35.862285
Cobalt,FRA,ROU,France,Romania,810520,Raw,82888.696,direct,46.227638,2.213749,45.943161,24.96676
Cobalt,FRA,GRC,France,Greece,810520,Raw,61041.928,direct,46.227638,2.213749,39.074208,21.824312
Cobalt,FRA,EGY,France,Egypt,810520,Raw,53421.968,direct,46.227638,2.213749,26.820553,30.802498
Cobalt,FRA,NZL,France,New Zealand,810520,Raw,45810.672,direct,46.227638,2.213749,-40.900557,174.885971
Cobalt,FRA,DNK,France,Denmark,810520,Raw,38234.008,direct,46.227638,2.213749,56.26392,9.501785
Cobalt,FRA,EST,France,Estonia,810520,Raw,31016.696,direct,46.227638,2.213749,58.595272,25.013607
Cobalt,FRA,VNM,France,Viet Nam,810520,Raw,24855.784,direct,46.227638,2.213749,14.058324,108.277199
Cobalt,FRA,FIN,France,Finland,810520,Raw,19058.556,direct,46.227638,2.213749,61.92411,25.748151
Cobalt,FRA,ARG,France,Argentina,810520,Raw,18245.0,mirror,46.227638,2.213749,-38.416097,-63.616672
Cobalt,FRA,BRA,France,Brazil,810520,Raw,18222.0,mirror,46.227638,2.213749,-14.235004,-51.92528
Cobalt,FRA,NOR,France,Norway,810520,Raw,17136.248,direct,46.227638,2.213749,60.472024,8.468946
Cobalt,FRA,MKD,France,North Macedonia,810520,Raw,16676.6,mirror,46.227638,2.213749,41.608635,21.745275
Cobalt,FRA,FRA,France,France,810520,Raw,11256.756,mirror,46.227638,2.213749,46.227638,2.213749
Cobalt,FRA,SAU,France,Saudi Arabia,810520,Raw,11096.564,direct,46.227638,2.213749,23.885942,45.079162
Cobalt,FRA,UKR,France,Ukraine,810520,Raw,8204.444,direct,46.227638,2.213749,48.379433,31.16558
Cobalt,FRA,HRV,France,Croatia,810520,Raw,7758.504,direct,46.227638,2.213749,45.1,15.2
Cobalt,FRA,CHL,France,Chile,810520,Raw,5145.0,mirror,46.227638,2.213749,-35.675147,-71.542969
Cobalt,FRA,LUX,France,Luxembourg,810520,Raw,3277.448,direct,46.227638,2.213749,49.815273,6.129583
Cobalt,FRA,CZE,France,Czechia,810520,Raw,2086.828,direct,46.227638,2.213749,49.817492,15.472962
Cobalt,FRA,KHM,France,Cambodia,260500,Raw,810.0,mirror,46.227638,2.213749,12.565679,104.990963
Cobalt,DEU,USA,Germany,USA,260500|810520,Raw,71709412.184,direct,51.165691,10.451526,37.09024,-95.712891
Cobalt,DEU,GBR,Germany,United Kingdom,810520,Raw,26711616.351999998,direct,51.165691,10.451526,55.378051,-3.435973
Cobalt,DEU,FRA,Germany,France,810520,Raw,23945452.684,direct,51.165691,10.451526,46.227638,2.213749
Cobalt,DEU,ITA,Germany,Italy,810520,Raw,23043995.164,direct,51.165691,10.451526,41.87194,12.56738
Cobalt,DEU,CZE,Germany,Czechia,810520,Raw,17805684.808,direct,51.165691,10.451526,49.817492,15.472962
Cobalt,DEU,CHE,Germany,Switzerland,810520,Raw,15967074.947999999,direct,51.165691,10.451526,46.818188,8.227512
Cobalt,DEU,BRA,Germany,Brazil,810520,Raw,15631805.248,direct,51.165691,10.451526,-14.235004,-51.92528
Cobalt,DEU,CHN,Germany,China,810520,Raw,15336799.096,direct,51.165691,10.451526,35.86166,104.195397
Cobalt,DEU,NLD,Germany,Netherlands,810520,Raw,14560164.440000001,direct,51.165691,10.451526,52.132633,5.291266
Cobalt,DEU,FIN,Germany,Finland,260500|810520,Raw,11648549.450000001,direct,51.165691,10.451526,61.92411,25.748151
Cobalt,DEU,ESP,Germany,Spain,810520,Raw,10445494.636,direct,51.165691,10.451526,40.463667,-3.74922
Cobalt,DEU,JPN,Germany,Japan,810520,Raw,8998697.816,direct,51.165691,10.451526,36.204824,138.252924
Cobalt,DEU,ARE,Germany,United Arab Emirates,810520,Raw,7663638.0,direct,51.165691,10.451526,23.424076,53.847818
Cobalt,DEU,ROU,Germany,Romania,810520,Raw,7400663.292,direct,51.165691,10.451526,45.943161,24.96676
Cobalt,DEU,TUR,Germany,Türkiye,810520,Raw,6891010.424,direct,51.165691,10.451526,38.963745,35.243322
Cobalt,DEU,POL,Germany,Poland,810520,Raw,6879106.564,direct,51.165691,10.451526,51.919438,19.145136
Cobalt,DEU,IND,Germany,India,810520,Raw,6656890.0,direct,51.165691,10.451526,20.593684,78.96288
Cobalt,DEU,BEL,Germany,Belgium,810520,Raw,6424345.584,direct,51.165691,10.451526,50.503887,4.469936
Cobalt,DEU,ISR,Germany,Israel,810520,Raw,5797942.672,direct,51.165691,10.451526,31.046051,34.851612
Cobalt,DEU,HRV,Germany,Croatia,810520,Raw,5242275.52,direct,51.165691,10.451526,45.1,15.2
Cobalt,DEU,AUT,Germany,Austria,810520,Raw,4950429.756,direct,51.165691,10.451526,47.516231,14.550072
Cobalt,DEU,HUN,Germany,Hungary,810520,Raw,4729495.792,direct,51.165691,10.451526,47.162494,19.503304
Cobalt,DEU,SVN,Germany,Slovenia,810520,Raw,3978806.52,direct,51.165691,10.451526,46.151241,14.995463
Cobalt,DEU,CAN,Germany,Canada,810520,Raw,3970155.268,direct,51.165691,10.451526,56.130366,-106.346771
Cobalt,DEU,THA,Germany,Thailand,810520,Raw,2998749.992,direct,51.165691,10.451526,15.870032,100.992541
Cobalt,DEU,SWE,Germany,Sweden,810520,Raw,1914568.22,direct,51.165691,10.451526,60.128161,18.643501
Cobalt,DEU,NOR,Germany,Norway,810520,Raw,1602477.512,direct,51.165691,10.451526,60.472024,8.468946
Cobalt,DEU,KOR,Germany,Rep. of Korea,810520,Raw,1179337.208,direct,51.165691,10.451526,35.907757,127.766922
Cobalt,DEU,DZA,Germany,Algeria,810520,Raw,1158144.984,direct,51.165691,10.451526,28.033886,1.659626
Cobalt,DEU,PRT,Germany,Portugal,810520,Raw,1075890.988,direct,51.165691,10.451526,39.399872,-8.224454
Cobalt,DEU,GRC,Germany,Greece,810520,Raw,1000284.712,direct,51.165691,10.451526,39.074208,21.824312
Cobalt,DEU,ALB,Germany,Albania,810520,Raw,996604.568,direct,51.165691,10.451526,41.153332,20.168331
Cobalt,DEU,S19,Germany,"Other Asia, nes",810520,Raw,920168.38,direct,51.165691,10.451526,,
Cobalt,DEU,RUS,Germany,Russian Federation,810520,Raw,836782.68,direct,51.165691,10.451526,61.52401,105.318756
Cobalt,DEU,IRL,Germany,Ireland,810520,Raw,695319.552,direct,51.165691,10.451526,53.41291,-8.24389
Cobalt,DEU,MDA,Germany,Rep. of Moldova,810520,Raw,601815.568,direct,51.165691,10.451526,47.411631,28.369885
Cobalt,DEU,BIH,Germany,Bosnia Herzegovina,810520,Raw,482953.012,direct,51.165691,10.451526,43.915886,17.679076
Cobalt,DEU,UKR,Germany,Ukraine,810520,Raw,479918.368,direct,51.165691,10.451526,48.379433,31.16558
Cobalt,DEU,SAU,Germany,Saudi Arabia,810520,Raw,406500.056,direct,51.165691,10.451526,23.885942,45.079162
Cobalt,DEU,EGY,Germany,Egypt,810520,Raw,358498.992,direct,51.165691,10.451526,26.820553,30.802498
Cobalt,DEU,IDN,Germany,Indonesia,810520,Raw,346578.368,direct,51.165691,10.451526,-0.789275,113.921327
Cobalt,DEU,SRB,Germany,Serbia,810520,Raw,325184.952,direct,51.165691,10.451526,44.016521,21.005859
Cobalt,DEU,AUS,Germany,Australia,810520,Raw,314639.136,direct,51.165691,10.451526,-25.274398,133.775136
Cobalt,DEU,SGP,Germany,Singapore,810520,Raw,274928.864,direct,51.165691,10.451526,1.352083,103.819836
Cobalt,DEU,BGR,Germany,Bulgaria,810520,Raw,247457.776,direct,51.165691,10.451526,42.733883,25.48583
Cobalt,DEU,PHL,Germany,Philippines,810520,Raw,224907.508,direct,51.165691,10.451526,12.879721,121.774017
Cobalt,DEU,MEX,Germany,Mexico,810520,Raw,174114.908,direct,51.165691,10.451526,23.634501,-102.552784
Cobalt,DEU,CHL,Germany,Chile,810520,Raw,151958.64,direct,51.165691,10.451526,-35.675147,-71.542969
Cobalt,DEU,MKD,Germany,North Macedonia,810520,Raw,140247.592,direct,51.165691,10.451526,41.608635,21.745275
Cobalt,DEU,AZE,Germany,Azerbaijan,810520,Raw,125745.0,direct,51.165691,10.451526,40.143105,47.576927
Cobalt,DEU,YEM,Germany,Yemen,810520,Raw,117362.0,direct,51.165691,10.451526,15.552727,48.516388
Cobalt,DEU,GEO,Germany,Georgia,810520,Raw,107591.348,mirror,51.165691,10.451526,42.315407,43.356892
Cobalt,DEU,TUN,Germany,Tunisia,810520,Raw,107511.976,direct,51.165691,10.451526,33.886917,9.537499
Cobalt,DEU,LUX,Germany,Luxembourg,810520,Raw,103429.456,direct,51.165691,10.451526,49.815273,6.129583
Cobalt,DEU,COL,Germany,Colombia,810520,Raw,96211.688,direct,51.165691,10.451526,4.570868,-74.297333
Cobalt,DEU,VNM,Germany,Viet Nam,810520,Raw,77961.896,direct,51.165691,10.451526,14.058324,108.277199
Cobalt,DEU,QAT,Germany,Qatar,810520,Raw,68623.236,direct,51.165691,10.451526,25.354826,51.183884
Cobalt,DEU,SVK,Germany,Slovakia,810520,Raw,67759.792,direct,51.165691,10.451526,48.669026,19.699024
Cobalt,DEU,MLT,Germany,Malta,810520,Raw,62780.288,direct,51.165691,10.451526,35.937496,14.375416
Cobalt,DEU,ZAF,Germany,South Africa,810520,Raw,56073.888,direct,51.165691,10.451526,-30.559482,22.937506
Cobalt,DEU,IRQ,Germany,Iraq,810520,Raw,54489.496,direct,51.165691,10.451526,33.223191,43.679291
Cobalt,DEU,ARG,Germany,Argentina,810520,Raw,47917.224,direct,51.165691,10.451526,-38.416097,-63.616672
Cobalt,DEU,ARM,Germany,Armenia,810520,Raw,41076.696,direct,51.165691,10.451526,40.069099,45.038189
Cobalt,DEU,DNK,Germany,Denmark,810520,Raw,38754.608,direct,51.165691,10.451526,56.26392,9.501785
Cobalt,DEU,LTU,Germany,Lithuania,810520,Raw,31067.4,direct,51.165691,10.451526,55.169438,23.881275
Cobalt,DEU,PER,Germany,Peru,810520,Raw,22298.776,direct,51.165691,10.451526,-9.189967,-75.015152
Cobalt,DEU,SLV,Germany,El Salvador,810520,Raw,21412.36,mirror,51.165691,10.451526,13.794185,-88.89653
Cobalt,DEU,MAR,Germany,Morocco,810520,Raw,19029.408,direct,51.165691,10.451526,31.791702,-7.09262
Cobalt,DEU,EST,Germany,Estonia,810520,Raw,12323.008,direct,51.165691,10.451526,58.595272,25.013607
Cobalt,DEU,LBN,Germany,Lebanon,810520,Raw,10269.0,mirror,51.165691,10.451526,33.854721,35.862285
Cobalt,DEU,GTM,Germany,Guatemala,810520,Raw,9569.0,mirror,51.165691,10.451526,15.783471,-90.230759
Cobalt,DEU,KEN,Germany,Kenya,810520,Raw,8383.0,direct,51.165691,10.451526,-0.023559,37.906193
Cobalt,DEU,MYS,Germany,Malaysia,810520,Raw,2724.472,direct,51.165691,10.451526,4.210484,101.975766
Cobalt,DEU,MNE,Germany,Montenegro,810520,Raw,416.024,mirror,51.165691,10.451526,42.708678,19.37439
Cobalt,GRC,CZE,Greece,Czechia,810520,Raw,63903.742,direct,39.074208,21.824312,49.817492,15.472962
Cobalt,GRC,IND,Greece,India,810520,Raw,62561.59,direct,39.074208,21.824312,20.593684,78.96288
Cobalt,GRC,TUR,Greece,Türkiye,810520,Raw,36043.27,direct,39.074208,21.824312,38.963745,35.243322
Cobalt,GRC,BGR,Greece,Bulgaria,810520,Raw,31280.796,direct,39.074208,21.824312,42.733883,25.48583
Cobalt,GRC,POL,Greece,Poland,810520,Raw,14070.946,direct,39.074208,21.824312,51.919438,19.145136
Cobalt,GRC,ITA,Greece,Italy,810520,Raw,11364.994,direct,39.074208,21.824312,41.87194,12.56738
Cobalt,GRC,DEU,Greece,Germany,810520,Raw,681.9,direct,39.074208,21.824312,51.165691,10.451526
Cobalt,GTM,SLV,Guatemala,El Salvador,260500|810520,Raw,21453.0,direct,15.783471,-90.230759,13.794185,-88.89653
Cobalt,HUN,ITA,Hungary,Italy,810520,Raw,76505.492,direct,47.162494,19.503304,41.87194,12.56738
Cobalt,HUN,SGP,Hungary,Singapore,810520,Raw,38495.96,direct,47.162494,19.503304,1.352083,103.819836
Cobalt,HUN,HRV,Hungary,Croatia,810520,Raw,15866.6,direct,47.162494,19.503304,45.1,15.2
Cobalt,HUN,CHE,Hungary,Switzerland,810520,Raw,14497.144,direct,47.162494,19.503304,46.818188,8.227512
Cobalt,HUN,KOR,Hungary,Rep. of Korea,810520,Raw,47.0,mirror,47.162494,19.503304,35.907757,127.766922
Cobalt,IND,KOR,India,Rep. of Korea,810520,Raw,14600030.114,direct,20.593684,78.96288,35.907757,127.766922
Cobalt,IND,MYS,India,Malaysia,810520,Raw,3689570.754,direct,20.593684,78.96288,4.210484,101.975766
Cobalt,IND,ARE,India,United Arab Emirates,810520,Raw,1238304.81,direct,20.593684,78.96288,23.424076,53.847818
Cobalt,IND,PHL,India,Philippines,810520,Raw,1030410.628,direct,20.593684,78.96288,12.879721,121.774017
Cobalt,IND,JPN,India,Japan,810520,Raw,672776.8,direct,20.593684,78.96288,36.204824,138.252924
Cobalt,IND,NLD,India,Netherlands,810520,Raw,421128.03,direct,20.593684,78.96288,52.132633,5.291266
Cobalt,IND,SGP,India,Singapore,810520,Raw,389680.824,direct,20.593684,78.96288,1.352083,103.819836
Cobalt,IND,USA,India,USA,810520,Raw,307235.46,direct,20.593684,78.96288,37.09024,-95.712891
Cobalt,IND,GBR,India,United Kingdom,810520,Raw,245709.786,direct,20.593684,78.96288,55.378051,-3.435973
Cobalt,IND,AUT,India,Austria,810520,Raw,220376.991,mirror,20.593684,78.96288,47.516231,14.550072
Cobalt,IND,S19,India,"Other Asia, nes",810520,Raw,173434.724,direct,20.593684,78.96288,,
Cobalt,IND,AUS,India,Australia,810520,Raw,145700.048,direct,20.593684,78.96288,-25.274398,133.775136
Cobalt,IND,NGA,India,Nigeria,810520,Raw,70191.796,mirror,20.593684,78.96288,9.081999,8.675277
Cobalt,IND,ITA,India,Italy,810520,Raw,46719.23,direct,20.593684,78.96288,41.87194,12.56738
Cobalt,IND,DEU,India,Germany,810520,Raw,41160.402,direct,20.593684,78.96288,51.165691,10.451526
Cobalt,IND,POL,India,Poland,810520,Raw,16915.208,direct,20.593684,78.96288,51.919438,19.145136
Cobalt,IND,KWT,India,Kuwait,810520,Raw,8870.918,direct,20.593684,78.96288,29.31166,47.481766
Cobalt,IND,FRA,India,France,810520,Raw,6228.254,direct,20.593684,78.96288,46.227638,2.213749
Cobalt,IND,TUR,India,Türkiye,810520,Raw,5712.948,direct,20.593684,78.96288,38.963745,35.243322
Cobalt,IND,ESP,India,Spain,260500,Raw,2349.752,mirror,20.593684,78.96288,40.463667,-3.74922
Cobalt,IND,BRA,India,Brazil,810520,Raw,1684.0,mirror,20.593684,78.96288,-14.235004,-51.92528
Cobalt,IND,NPL,India,Nepal,810520,Raw,636.338,direct,20.593684,78.96288,28.394857,84.124008
Cobalt,IND,IDN,India,Indonesia,810520,Raw,381.074,direct,20.593684,78.96288,-0.789275,113.921327
Cobalt,IND,QAT,India,Qatar,810520,Raw,252.818,direct,20.593684,78.96288,25.354826,51.183884
Cobalt,IND,UZB,India,Uzbekistan,810520,Raw,107.5,direct,20.593684,78.96288,41.377491,64.585262
Cobalt,IND,NZL,India,New Zealand,810520,Raw,83.778,direct,20.593684,78.96288,-40.900557,174.885971
Cobalt,IND,CHE,India,Switzerland,810520,Raw,22.898,direct,20.593684,78.96288,46.818188,8.227512
Cobalt,IND,CIV,India,Côte d'Ivoire,810520,Raw,15.252,mirror,20.593684,78.96288,7.539989,-5.54708
Cobalt,IND,BHR,India,Bahrain,810520,Raw,13.378,mirror,20.593684,78.96288,26.0275,50.55
Cobalt,IDN,CHN,Indonesia,China,810520,Raw,43028058.0,direct,-0.789275,113.921327,35.86166,104.195397
Cobalt,IDN,USA,Indonesia,USA,810520,Raw,3625256.0,mirror,-0.789275,113.921327,37.09024,-95.712891
Cobalt,IDN,SGP,Indonesia,Singapore,810520,Raw,2261940.12,direct,-0.789275,113.921327,1.352083,103.819836
Cobalt,IDN,JPN,Indonesia,Japan,810520,Raw,67055.874,mirror,-0.789275,113.921327,36.204824,138.252924
Cobalt,IRN,CZE,Iran,Czechia,810520,Raw,1872.0,mirror,32.427908,53.688046,49.817492,15.472962
Cobalt,IRL,DEU,Ireland,Germany,810520,Raw,910484.372,direct,53.41291,-8.24389,51.165691,10.451526
Cobalt,IRL,FRA,Ireland,France,810520,Raw,187693.431,direct,53.41291,-8.24389,46.227638,2.213749
Cobalt,IRL,CAN,Ireland,Canada,810520,Raw,76989.1,mirror,53.41291,-8.24389,56.130366,-106.346771
Cobalt,IRL,GBR,Ireland,United Kingdom,260500|810520,Raw,47367.134,direct,53.41291,-8.24389,55.378051,-3.435973
Cobalt,IRL,POL,Ireland,Poland,810520,Raw,36268.0,mirror,53.41291,-8.24389,51.919438,19.145136
Cobalt,IRL,AUT,Ireland,Austria,810520,Raw,34438.099,mirror,53.41291,-8.24389,47.516231,14.550072
Cobalt,IRL,IND,Ireland,India,810520,Raw,30947.666,mirror,53.41291,-8.24389,20.593684,78.96288
Cobalt,IRL,AUS,Ireland,Australia,810520,Raw,28862.734,mirror,53.41291,-8.24389,-25.274398,133.775136
Cobalt,IRL,NOR,Ireland,Norway,810520,Raw,25919.998,mirror,53.41291,-8.24389,60.472024,8.468946
Cobalt,IRL,CHN,Ireland,China,810520,Raw,14263.61,direct,53.41291,-8.24389,35.86166,104.195397
Cobalt,IRL,SRB,Ireland,Serbia,810520,Raw,10976.0,mirror,53.41291,-8.24389,44.016521,21.005859
Cobalt,IRL,SGP,Ireland,Singapore,810520,Raw,10325.292,mirror,53.41291,-8.24389,1.352083,103.819836
Cobalt,IRL,SAU,Ireland,Saudi Arabia,810520,Raw,5116.0,mirror,53.41291,-8.24389,23.885942,45.079162
Cobalt,IRL,TUR,Ireland,Türkiye,810520,Raw,3304.0,mirror,53.41291,-8.24389,38.963745,35.243322
Cobalt,IRL,HUN,Ireland,Hungary,810520,Raw,2628.02,direct,53.41291,-8.24389,47.162494,19.503304
Cobalt,IRL,BEL,Ireland,Belgium,810520,Raw,1808.658,direct,53.41291,-8.24389,50.503887,4.469936
Cobalt,ISR,CAN,Israel,Canada,810520,Raw,17780.824,mirror,31.046051,34.851612,56.130366,-106.346771
Cobalt,ISR,CHN,Israel,China,810520,Raw,9629.0,mirror,31.046051,34.851612,35.86166,104.195397
Cobalt,ISR,IRL,Israel,Ireland,810520,Raw,2000.0,direct,31.046051,34.851612,53.41291,-8.24389
Cobalt,ITA,FRA,Italy,France,260500|810520,Raw,5808148.975,direct,41.87194,12.56738,46.227638,2.213749
Cobalt,ITA,EGY,Italy,Egypt,810520,Raw,894675.675,direct,41.87194,12.56738,26.820553,30.802498
Cobalt,ITA,BRA,Italy,Brazil,810520,Raw,804000.0,mirror,41.87194,12.56738,-14.235004,-51.92528
Cobalt,ITA,FIN,Italy,Finland,810520,Raw,492555.739,direct,41.87194,12.56738,61.92411,25.748151
Cobalt,ITA,DEU,Italy,Germany,810520,Raw,291384.697,direct,41.87194,12.56738,51.165691,10.451526
Cobalt,ITA,ROU,Italy,Romania,260500|810520,Raw,164089.165,direct,41.87194,12.56738,45.943161,24.96676
Cobalt,ITA,SWE,Italy,Sweden,810520,Raw,134161.532,direct,41.87194,12.56738,60.128161,18.643501
Cobalt,ITA,IND,Italy,India,810520,Raw,105263.598,mirror,41.87194,12.56738,20.593684,78.96288
Cobalt,ITA,AUT,Italy,Austria,810520,Raw,87347.716,direct,41.87194,12.56738,47.516231,14.550072
Cobalt,ITA,NLD,Italy,Netherlands,810520,Raw,75544.452,direct,41.87194,12.56738,52.132633,5.291266
Cobalt,ITA,SRB,Italy,Serbia,260500|810520,Raw,64780.606999999996,direct,41.87194,12.56738,44.016521,21.005859
Cobalt,ITA,HUN,Italy,Hungary,810520,Raw,52146.451,direct,41.87194,12.56738,47.162494,19.503304
Cobalt,ITA,GAB,Italy,Gabon,810520,Raw,49404.163,direct,41.87194,12.56738,-0.803689,11.609444
Cobalt,ITA,AUS,Italy,Australia,810520,Raw,40804.252,direct,41.87194,12.56738,-25.274398,133.775136
Cobalt,ITA,THA,Italy,Thailand,810520,Raw,40173.4,mirror,41.87194,12.56738,15.870032,100.992541
Cobalt,ITA,UKR,Italy,Ukraine,810520,Raw,38537.699,direct,41.87194,12.56738,48.379433,31.16558
Cobalt,ITA,PER,Italy,Peru,810520,Raw,30387.327,direct,41.87194,12.56738,-9.189967,-75.015152
Cobalt,ITA,CHE,Italy,Switzerland,810520,Raw,24894.366,direct,41.87194,12.56738,46.818188,8.227512
Cobalt,ITA,KOR,Italy,Rep. of Korea,810520,Raw,22551.0,mirror,41.87194,12.56738,35.907757,127.766922
Cobalt,ITA,HRV,Italy,Croatia,810520,Raw,21965.556,direct,41.87194,12.56738,45.1,15.2
Cobalt,ITA,CZE,Italy,Czechia,810520,Raw,21245.666,direct,41.87194,12.56738,49.817492,15.472962
Cobalt,ITA,LTU,Italy,Lithuania,810520,Raw,15283.257,direct,41.87194,12.56738,55.169438,23.881275
Cobalt,ITA,LVA,Italy,Latvia,810520,Raw,14418.76,direct,41.87194,12.56738,56.879635,24.603189
Cobalt,ITA,ESP,Italy,Spain,810520,Raw,12690.814,direct,41.87194,12.56738,40.463667,-3.74922
Cobalt,ITA,CHL,Italy,Chile,810520,Raw,12108.196,direct,41.87194,12.56738,-35.675147,-71.542969
Cobalt,ITA,BIH,Italy,Bosnia Herzegovina,810520,Raw,10164.387,direct,41.87194,12.56738,43.915886,17.679076
Cobalt,ITA,POL,Italy,Poland,810520,Raw,7326.0,mirror,41.87194,12.56738,51.919438,19.145136
Cobalt,ITA,BEL,Italy,Belgium,810520,Raw,6308.207,direct,41.87194,12.56738,50.503887,4.469936
Cobalt,ITA,TUR,Italy,Türkiye,810520,Raw,5576.0,mirror,41.87194,12.56738,38.963745,35.243322
Cobalt,ITA,GRC,Italy,Greece,810520,Raw,4995.22,direct,41.87194,12.56738,39.074208,21.824312
Cobalt,ITA,USA,Italy,USA,810520,Raw,4293.144,direct,41.87194,12.56738,37.09024,-95.712891
Cobalt,ITA,PRT,Italy,Portugal,810520,Raw,3819.504,direct,41.87194,12.56738,39.399872,-8.224454
Cobalt,ITA,SAU,Italy,Saudi Arabia,810520,Raw,3214.88,direct,41.87194,12.56738,23.885942,45.079162
Cobalt,ITA,CRI,Italy,Costa Rica,810520,Raw,3069.226,direct,41.87194,12.56738,9.748917,-83.753428
Cobalt,ITA,SVN,Italy,Slovenia,810520,Raw,1360.142,direct,41.87194,12.56738,46.151241,14.995463
Cobalt,ITA,KAZ,Italy,Kazakhstan,810520,Raw,24.94,mirror,41.87194,12.56738,48.019573,66.923684
Cobalt,JPN,USA,Japan,USA,810520,Raw,24876698.456,direct,36.204824,138.252924,37.09024,-95.712891
Cobalt,JPN,CHN,Japan,China,810520,Raw,22624361.033,direct,36.204824,138.252924,35.86166,104.195397
Cobalt,JPN,BEL,Japan,Belgium,810520,Raw,13338747.75,direct,36.204824,138.252924,50.503887,4.469936
Cobalt,JPN,KOR,Japan,Rep. of Korea,810520,Raw,4544558.226,direct,36.204824,138.252924,35.907757,127.766922
Cobalt,JPN,VNM,Japan,Viet Nam,260500|810520,Raw,2347543.55,direct,36.204824,138.252924,14.058324,108.277199
Cobalt,JPN,NLD,Japan,Netherlands,810520,Raw,2282238.396,direct,36.204824,138.252924,52.132633,5.291266
Cobalt,JPN,THA,Japan,Thailand,810520,Raw,1777106.171,direct,36.204824,138.252924,15.870032,100.992541
Cobalt,JPN,IND,Japan,India,810520,Raw,1645445.432,direct,36.204824,138.252924,20.593684,78.96288
Cobalt,JPN,BRA,Japan,Brazil,810520,Raw,1144878.0,mirror,36.204824,138.252924,-14.235004,-51.92528
Cobalt,JPN,PHL,Japan,Philippines,810520,Raw,335662.544,direct,36.204824,138.252924,12.879721,121.774017
Cobalt,JPN,DEU,Japan,Germany,810520,Raw,273019.806,direct,36.204824,138.252924,51.165691,10.451526
Cobalt,JPN,GBR,Japan,United Kingdom,260500|810520,Raw,247587.679,direct,36.204824,138.252924,55.378051,-3.435973
Cobalt,JPN,MYS,Japan,Malaysia,260500|810520,Raw,218492.507,direct,36.204824,138.252924,4.210484,101.975766
Cobalt,JPN,SGP,Japan,Singapore,810520,Raw,205712.886,direct,36.204824,138.252924,1.352083,103.819836
Cobalt,JPN,S19,Japan,"Other Asia, nes",810520,Raw,162724.455,direct,36.204824,138.252924,,
Cobalt,JPN,CHE,Japan,Switzerland,810520,Raw,109528.998,direct,36.204824,138.252924,46.818188,8.227512
Cobalt,JPN,SWE,Japan,Sweden,810520,Raw,62833.344,mirror,36.204824,138.252924,60.128161,18.643501
Cobalt,JPN,FRA,Japan,France,810520,Raw,21781.598,direct,36.204824,138.252924,46.227638,2.213749
Cobalt,JPN,IDN,Japan,Indonesia,810520,Raw,308.0,mirror,36.204824,138.252924,-0.789275,113.921327
Cobalt,KIR,CAN,Kiribati,Canada,810520,Raw,321.648,mirror,,,56.130366,-106.346771
Cobalt,LAO,S19,Lao People's Dem. Rep.,"Other Asia, nes",260500,Raw,3181344.206,mirror,19.85627,102.495496,,
Cobalt,LVA,NLD,Latvia,Netherlands,810520,Raw,2.165,mirror,56.879635,24.603189,52.132633,5.291266
Cobalt,LBN,DEU,Lebanon,Germany,810520,Raw,268960.168,mirror,33.854721,35.862285,51.165691,10.451526
Cobalt,LTU,GRC,Lithuania,Greece,810520,Raw,5955.258,mirror,55.169438,23.881275,39.074208,21.824312
Cobalt,LTU,DEU,Lithuania,Germany,810520,Raw,805.0,direct,55.169438,23.881275,51.165691,10.451526
Cobalt,LTU,LVA,Lithuania,Latvia,810520,Raw,19.0,direct,55.169438,23.881275,56.879635,24.603189
Cobalt,LTU,NLD,Lithuania,Netherlands,810520,Raw,6.494,mirror,55.169438,23.881275,52.132633,5.291266
Cobalt,LUX,BEL,Luxembourg,Belgium,810520,Raw,8238152.18,mirror,49.815273,6.129583,50.503887,4.469936
Cobalt,LUX,GBR,Luxembourg,United Kingdom,810520,Raw,7962164.18,mirror,49.815273,6.129583,55.378051,-3.435973
Cobalt,LUX,DEU,Luxembourg,Germany,810520,Raw,4198005.208,mirror,49.815273,6.129583,51.165691,10.451526
Cobalt,LUX,LUX,Luxembourg,Luxembourg,810520,Raw,358539.61,mirror,49.815273,6.129583,49.815273,6.129583
Cobalt,LUX,ITA,Luxembourg,Italy,810520,Raw,325246.778,mirror,49.815273,6.129583,41.87194,12.56738
Cobalt,LUX,SWE,Luxembourg,Sweden,810520,Raw,267987.996,mirror,49.815273,6.129583,60.128161,18.643501
Cobalt,LUX,FRA,Luxembourg,France,810520,Raw,116690.355,direct,49.815273,6.129583,46.227638,2.213749
Cobalt,LUX,AUT,Luxembourg,Austria,810520,Raw,111203.768,mirror,49.815273,6.129583,47.516231,14.550072
Cobalt,LUX,NLD,Luxembourg,Netherlands,810520,Raw,49502.703,direct,49.815273,6.129583,52.132633,5.291266
Cobalt,LUX,CHN,Luxembourg,China,810520,Raw,7.382,direct,49.815273,6.129583,35.86166,104.195397
Cobalt,MDG,NLD,Madagascar,Netherlands,810520,Raw,19982698.104,direct,-18.766947,46.869107,52.132633,5.291266
Cobalt,MDG,USA,Madagascar,USA,810520,Raw,18200438.209,direct,-18.766947,46.869107,37.09024,-95.712891
Cobalt,MDG,JPN,Madagascar,Japan,810520,Raw,12378391.299,direct,-18.766947,46.869107,36.204824,138.252924
Cobalt,MDG,DEU,Madagascar,Germany,810520,Raw,11105404.4,mirror,-18.766947,46.869107,51.165691,10.451526
Cobalt,MDG,GBR,Madagascar,United Kingdom,810520,Raw,9993762.632,mirror,-18.766947,46.869107,55.378051,-3.435973
Cobalt,MDG,CHN,Madagascar,China,810520,Raw,5996422.661,direct,-18.766947,46.869107,35.86166,104.195397
Cobalt,MDG,FRA,Madagascar,France,810520,Raw,3585415.58,mirror,-18.766947,46.869107,46.227638,2.213749
Cobalt,MDG,SGP,Madagascar,Singapore,810520,Raw,2876857.128,direct,-18.766947,46.869107,1.352083,103.819836
Cobalt,MDG,CAN,Madagascar,Canada,810520,Raw,758232.756,mirror,-18.766947,46.869107,56.130366,-106.346771
Cobalt,MDG,BRA,Madagascar,Brazil,810520,Raw,621430.0,mirror,-18.766947,46.869107,-14.235004,-51.92528
Cobalt,MDG,S19,Madagascar,"Other Asia, nes",810520,Raw,581768.548,direct,-18.766947,46.869107,,
Cobalt,MDG,TUR,Madagascar,Türkiye,810520,Raw,206032.0,mirror,-18.766947,46.869107,38.963745,35.243322
Cobalt,MDG,ESP,Madagascar,Spain,810520,Raw,200828.512,mirror,-18.766947,46.869107,40.463667,-3.74922
Cobalt,MYS,CHN,Malaysia,China,260500|810520,Raw,126184832.296,direct,4.210484,101.975766,35.86166,104.195397
Cobalt,MYS,KOR,Malaysia,Rep. of Korea,810520,Raw,3181160.928,direct,4.210484,101.975766,35.907757,127.766922
Cobalt,MYS,SGP,Malaysia,Singapore,810520,Raw,648563.026,direct,4.210484,101.975766,1.352083,103.819836
Cobalt,MYS,THA,Malaysia,Thailand,810520,Raw,371652.3,direct,4.210484,101.975766,15.870032,100.992541
Cobalt,MYS,VNM,Malaysia,Viet Nam,810520,Raw,83711.576,direct,4.210484,101.975766,14.058324,108.277199
Cobalt,MYS,S19,Malaysia,"Other Asia, nes",810520,Raw,79951.874,direct,4.210484,101.975766,,
Cobalt,MYS,ARE,Malaysia,United Arab Emirates,810520,Raw,661.652,direct,4.210484,101.975766,23.424076,53.847818
Cobalt,MUS,SYC,Mauritius,Seychelles,260500,Raw,3976.983,mirror,-20.348404,57.552152,,
Cobalt,MEX,GBR,Mexico,United Kingdom,810520,Raw,386222.716,mirror,23.634501,-102.552784,55.378051,-3.435973
Cobalt,MEX,CHE,Mexico,Switzerland,810520,Raw,333669.212,mirror,23.634501,-102.552784,46.818188,8.227512
Cobalt,MEX,MYS,Mexico,Malaysia,260500,Raw,101402.228,mirror,23.634501,-102.552784,4.210484,101.975766
Cobalt,MEX,NLD,Mexico,Netherlands,810520,Raw,9151.527,mirror,23.634501,-102.552784,52.132633,5.291266
Cobalt,MEX,CRI,Mexico,Costa Rica,260500,Raw,42.88,mirror,23.634501,-102.552784,9.748917,-83.753428
Cobalt,MAR,JPN,Morocco,Japan,810520,Raw,38185104.129,direct,31.791702,-7.09262,36.204824,138.252924
Cobalt,MAR,NLD,Morocco,Netherlands,810520,Raw,36622543.309,direct,31.791702,-7.09262,52.132633,5.291266
Cobalt,MAR,S19,Morocco,"Other Asia, nes",810520,Raw,29950094.26,direct,31.791702,-7.09262,,
Cobalt,MAR,USA,Morocco,USA,810520,Raw,9420388.165,direct,31.791702,-7.09262,37.09024,-95.712891
Cobalt,MAR,BEL,Morocco,Belgium,810520,Raw,6875462.455,direct,31.791702,-7.09262,50.503887,4.469936
Cobalt,MAR,THA,Morocco,Thailand,810520,Raw,5420400.76,mirror,31.791702,-7.09262,15.870032,100.992541
Cobalt,MAR,CAN,Morocco,Canada,810520,Raw,4621134.896,mirror,31.791702,-7.09262,56.130366,-106.346771
Cobalt,MAR,AUT,Morocco,Austria,810520,Raw,1594201.379,mirror,31.791702,-7.09262,47.516231,14.550072
Cobalt,MAR,DEU,Morocco,Germany,810520,Raw,1373210.848,mirror,31.791702,-7.09262,51.165691,10.451526
Cobalt,MAR,IND,Morocco,India,810520,Raw,1367756.371,mirror,31.791702,-7.09262,20.593684,78.96288
Cobalt,MAR,GBR,Morocco,United Kingdom,810520,Raw,1253242.744,mirror,31.791702,-7.09262,55.378051,-3.435973
Cobalt,MAR,FRA,Morocco,France,810520,Raw,1096382.134,mirror,31.791702,-7.09262,46.227638,2.213749
Cobalt,MAR,TUR,Morocco,Türkiye,810520,Raw,959136.0,mirror,31.791702,-7.09262,38.963745,35.243322
Cobalt,MAR,SGP,Morocco,Singapore,810520,Raw,936320.752,mirror,31.791702,-7.09262,1.352083,103.819836
Cobalt,MAR,BRA,Morocco,Brazil,810520,Raw,221956.0,mirror,31.791702,-7.09262,-14.235004,-51.92528
Cobalt,MAR,ESP,Morocco,Spain,260500,Raw,3199.536,mirror,31.791702,-7.09262,40.463667,-3.74922
Cobalt,MAR,CHN,Morocco,China,260500,Raw,935.0,mirror,31.791702,-7.09262,35.86166,104.195397
Cobalt,MAR,KOR,Morocco,Rep. of Korea,260500,Raw,30.0,mirror,31.791702,-7.09262,35.907757,127.766922
Cobalt,MOZ,MYS,Mozambique,Malaysia,810520,Raw,55408723.788,mirror,-18.665695,35.529562,4.210484,101.975766
Cobalt,MMR,CHN,Myanmar,China,810520,Raw,20251.0,mirror,21.913965,95.956223,35.86166,104.195397
Cobalt,NAM,MYS,Namibia,Malaysia,810520,Raw,5909384.326,mirror,-22.95764,18.49041,4.210484,101.975766
Cobalt,NAM,ZAF,Namibia,South Africa,810520,Raw,523.732,direct,-22.95764,18.49041,-30.559482,22.937506
Cobalt,NAM,ZMB,Namibia,Zambia,260500,Raw,4.4,direct,-22.95764,18.49041,-13.133897,27.849332
Cobalt,NLD,DEU,Netherlands,Germany,260500|810520,Raw,11820198.591,direct,52.132633,5.291266,51.165691,10.451526
Cobalt,NLD,BEL,Netherlands,Belgium,260500|810520,Raw,11171999.9,direct,52.132633,5.291266,50.503887,4.469936
Cobalt,NLD,FRA,Netherlands,France,260500|810520,Raw,5058815.723,direct,52.132633,5.291266,46.227638,2.213749
Cobalt,NLD,S19,Netherlands,"Other Asia, nes",810520,Raw,4433462.836,direct,52.132633,5.291266,,
Cobalt,NLD,USA,Netherlands,USA,810520,Raw,3898176.991,direct,52.132633,5.291266,37.09024,-95.712891
Cobalt,NLD,LUX,Netherlands,Luxembourg,810520,Raw,3820826.836,direct,52.132633,5.291266,49.815273,6.129583
Cobalt,NLD,TUR,Netherlands,Türkiye,810520,Raw,3772725.849,direct,52.132633,5.291266,38.963745,35.243322
Cobalt,NLD,BRA,Netherlands,Brazil,810520,Raw,2840676.128,direct,52.132633,5.291266,-14.235004,-51.92528
Cobalt,NLD,GBR,Netherlands,United Kingdom,260500|810520,Raw,2003068.735,direct,52.132633,5.291266,55.378051,-3.435973
Cobalt,NLD,SWE,Netherlands,Sweden,810520,Raw,1187562.946,direct,52.132633,5.291266,60.128161,18.643501
Cobalt,NLD,ITA,Netherlands,Italy,260500|810520,Raw,1153528.5750000002,direct,52.132633,5.291266,41.87194,12.56738
Cobalt,NLD,AUT,Netherlands,Austria,810520,Raw,1105296.619,direct,52.132633,5.291266,47.516231,14.550072
Cobalt,NLD,IDN,Netherlands,Indonesia,810520,Raw,310740.606,direct,52.132633,5.291266,-0.789275,113.921327
Cobalt,NLD,UKR,Netherlands,Ukraine,810520,Raw,305620.947,direct,52.132633,5.291266,48.379433,31.16558
Cobalt,NLD,ROU,Netherlands,Romania,260500|810520,Raw,90753.48100000001,direct,52.132633,5.291266,45.943161,24.96676
Cobalt,NLD,CZE,Netherlands,Czechia,260500|810520,Raw,38217.771,direct,52.132633,5.291266,49.817492,15.472962
Cobalt,NLD,ESP,Netherlands,Spain,810520,Raw,9432.946,direct,52.132633,5.291266,40.463667,-3.74922
Cobalt,NLD,GRC,Netherlands,Greece,810520,Raw,7763.915,direct,52.132633,5.291266,39.074208,21.824312
Cobalt,NLD,ARG,Netherlands,Argentina,810520,Raw,6774.619,direct,52.132633,5.291266,-38.416097,-63.616672
Cobalt,NLD,SVN,Netherlands,Slovenia,810520,Raw,3595.668,direct,52.132633,5.291266,46.151241,14.995463
Cobalt,NLD,ARE,Netherlands,United Arab Emirates,810520,Raw,2450.509,direct,52.132633,5.291266,23.424076,53.847818
Cobalt,NLD,OMN,Netherlands,Oman,810520,Raw,2402.885,direct,52.132633,5.291266,21.512583,55.923255
Cobalt,NLD,HUN,Netherlands,Hungary,810520,Raw,2110.642,direct,52.132633,5.291266,47.162494,19.503304
Cobalt,NLD,CHN,Netherlands,China,810520,Raw,1542.392,direct,52.132633,5.291266,35.86166,104.195397
Cobalt,NLD,CHE,Netherlands,Switzerland,810520,Raw,1190.619,direct,52.132633,5.291266,46.818188,8.227512
Cobalt,NLD,POL,Netherlands,Poland,810520,Raw,1068.31,direct,52.132633,5.291266,51.919438,19.145136
Cobalt,NLD,JPN,Netherlands,Japan,810520,Raw,995.79,direct,52.132633,5.291266,36.204824,138.252924
Cobalt,NLD,EST,Netherlands,Estonia,810520,Raw,211.064,direct,52.132633,5.291266,58.595272,25.013607
Cobalt,NLD,FIN,Netherlands,Finland,810520,Raw,187.252,direct,52.132633,5.291266,61.92411,25.748151
Cobalt,NLD,LVA,Netherlands,Latvia,810520,Raw,135.298,direct,52.132633,5.291266,56.879635,24.603189
Cobalt,NLD,BGR,Netherlands,Bulgaria,810520,Raw,101.744,direct,52.132633,5.291266,42.733883,25.48583
Cobalt,NLD,CYP,Netherlands,Cyprus,810520,Raw,93.085,direct,52.132633,5.291266,35.126413,33.429859
Cobalt,NLD,PRT,Netherlands,Portugal,810520,Raw,56.284,direct,52.132633,5.291266,39.399872,-8.224454
Cobalt,NLD,MLT,Netherlands,Malta,810520,Raw,49.79,direct,52.132633,5.291266,35.937496,14.375416
Cobalt,NLD,HRV,Netherlands,Croatia,810520,Raw,42.213,direct,52.132633,5.291266,45.1,15.2
Cobalt,NLD,LTU,Netherlands,Lithuania,810520,Raw,20.565,direct,52.132633,5.291266,55.169438,23.881275
Cobalt,NLD,DNK,Netherlands,Denmark,810520,Raw,15.153,direct,52.132633,5.291266,56.26392,9.501785
Cobalt,NLD,SVK,Netherlands,Slovakia,810520,Raw,12.989,direct,52.132633,5.291266,48.669026,19.699024
Cobalt,NLD,IRL,Netherlands,Ireland,810520,Raw,3.247,direct,52.132633,5.291266,53.41291,-8.24389
Cobalt,NOR,USA,Norway,USA,810520,Raw,85404426.0,mirror,60.472024,8.468946,37.09024,-95.712891
Cobalt,NOR,GBR,Norway,United Kingdom,810520,Raw,23105255.249,mirror,60.472024,8.468946,55.378051,-3.435973
Cobalt,NOR,JPN,Norway,Japan,810520,Raw,6538720.626,mirror,60.472024,8.468946,36.204824,138.252924
Cobalt,NOR,FRA,Norway,France,810520,Raw,3342862.78,mirror,60.472024,8.468946,46.227638,2.213749
Cobalt,NOR,IND,Norway,India,810520,Raw,1813786.808,mirror,60.472024,8.468946,20.593684,78.96288
Cobalt,NOR,S19,Norway,"Other Asia, nes",810520,Raw,859890.956,mirror,60.472024,8.468946,,
Cobalt,NOR,NLD,Norway,Netherlands,810520,Raw,126979.464,mirror,60.472024,8.468946,52.132633,5.291266
Cobalt,NOR,THA,Norway,Thailand,810520,Raw,71087.96,mirror,60.472024,8.468946,15.870032,100.992541
Cobalt,NOR,DEU,Norway,Germany,810520,Raw,11649.166,direct,60.472024,8.468946,51.165691,10.451526
Cobalt,NOR,SWE,Norway,Sweden,810520,Raw,3785.14,mirror,60.472024,8.468946,60.128161,18.643501
Cobalt,S19,THA,"Other Asia, nes",Thailand,810520,Raw,2305627.992,direct,,,15.870032,100.992541
Cobalt,S19,CHN,"Other Asia, nes",China,260500|810520,Raw,2207156.256,direct,,,35.86166,104.195397
Cobalt,S19,NLD,"Other Asia, nes",Netherlands,810520,Raw,982910.533,direct,,,52.132633,5.291266
Cobalt,S19,JPN,"Other Asia, nes",Japan,810520,Raw,709955.979,direct,,,36.204824,138.252924
Cobalt,S19,KOR,"Other Asia, nes",Rep. of Korea,810520,Raw,396690.629,direct,,,35.907757,127.766922
Cobalt,S19,MYS,"Other Asia, nes",Malaysia,260500|810520,Raw,114481.94,direct,,,4.210484,101.975766
Cobalt,S19,AUS,"Other Asia, nes",Australia,810520,Raw,43581.765,direct,,,-25.274398,133.775136
Cobalt,S19,BEL,"Other Asia, nes",Belgium,810520,Raw,25856.229,direct,,,50.503887,4.469936
Cobalt,S19,BGD,"Other Asia, nes",Bangladesh,260500|810520,Raw,21650.698,direct,,,23.684994,90.356331
Cobalt,S19,VNM,"Other Asia, nes",Viet Nam,810520,Raw,5233.55,direct,,,14.058324,108.277199
Cobalt,S19,IDN,"Other Asia, nes",Indonesia,260500|810520,Raw,1676.0,mirror,,,-0.789275,113.921327
Cobalt,S19,ECU,"Other Asia, nes",Ecuador,810520,Raw,868.72,mirror,,,-1.831239,-78.183406
Cobalt,E19,SVK,"Other Europe, nes",Slovakia,810520,Raw,66319.616,mirror,,,48.669026,19.699024
Cobalt,E19,LUX,"Other Europe, nes",Luxembourg,810520,Raw,1671.509,mirror,,,49.815273,6.129583
Cobalt,PAK,SGP,Pakistan,Singapore,810520,Raw,7625.914,mirror,30.375321,69.345116,1.352083,103.819836
Cobalt,PAK,FRA,Pakistan,France,810520,Raw,199.16,mirror,30.375321,69.345116,46.227638,2.213749
Cobalt,PHL,CHN,Philippines,China,810520,Raw,41499000.0,direct,12.879721,121.774017,35.86166,104.195397
Cobalt,PHL,KHM,Philippines,Cambodia,810520,Raw,2385000.0,direct,12.879721,121.774017,12.565679,104.990963
Cobalt,PHL,IDN,Philippines,Indonesia,810520,Raw,954000.0,direct,12.879721,121.774017,-0.789275,113.921327
Cobalt,PHL,MYS,Philippines,Malaysia,810520,Raw,837714.0,direct,12.879721,121.774017,4.210484,101.975766
Cobalt,PHL,THA,Philippines,Thailand,810520,Raw,477000.0,direct,12.879721,121.774017,15.870032,100.992541
Cobalt,POL,BEL,Poland,Belgium,810520,Raw,155767.537,mirror,51.919438,19.145136,50.503887,4.469936
Cobalt,POL,ESP,Poland,Spain,260500,Raw,61615.048,mirror,51.919438,19.145136,40.463667,-3.74922
Cobalt,POL,UKR,Poland,Ukraine,810520,Raw,60060.0,direct,51.919438,19.145136,48.379433,31.16558
Cobalt,POL,BRA,Poland,Brazil,810520,Raw,44874.0,direct,51.919438,19.145136,-14.235004,-51.92528
Cobalt,POL,IDN,Poland,Indonesia,810520,Raw,31228.0,direct,51.919438,19.145136,-0.789275,113.921327
Cobalt,POL,GBR,Poland,United Kingdom,810520,Raw,27085.816,mirror,51.919438,19.145136,55.378051,-3.435973
Cobalt,POL,CZE,Poland,Czechia,810520,Raw,24081.0,direct,51.919438,19.145136,49.817492,15.472962
Cobalt,POL,BLR,Poland,Belarus,810520,Raw,22138.0,direct,51.919438,19.145136,53.709807,27.953389
Cobalt,POL,SVN,Poland,Slovenia,810520,Raw,20549.336,mirror,51.919438,19.145136,46.151241,14.995463
Cobalt,POL,DEU,Poland,Germany,810520,Raw,7322.0,direct,51.919438,19.145136,51.165691,10.451526
Cobalt,POL,NLD,Poland,Netherlands,810520,Raw,3123.75,mirror,51.919438,19.145136,52.132633,5.291266
Cobalt,POL,GRC,Poland,Greece,810520,Raw,1818.4,mirror,51.919438,19.145136,39.074208,21.824312
Cobalt,POL,ITA,Poland,Italy,810520,Raw,1778.0,direct,51.919438,19.145136,41.87194,12.56738
Cobalt,POL,SVK,Poland,Slovakia,810520,Raw,1437.0,direct,51.919438,19.145136,48.669026,19.699024
Cobalt,POL,SWE,Poland,Sweden,810520,Raw,1135.544,mirror,51.919438,19.145136,60.128161,18.643501
Cobalt,POL,LTU,Poland,Lithuania,260500,Raw,721.0,mirror,51.919438,19.145136,55.169438,23.881275
Cobalt,POL,AUT,Poland,Austria,810520,Raw,20.565,mirror,51.919438,19.145136,47.516231,14.550072
Cobalt,POL,KOR,Poland,Rep. of Korea,810520,Raw,10.0,mirror,51.919438,19.145136,35.907757,127.766922
Cobalt,PRT,DEU,Portugal,Germany,810520,Raw,84626.384,direct,39.399872,-8.224454,51.165691,10.451526
Cobalt,PRT,ESP,Portugal,Spain,810520,Raw,28535.728,direct,39.399872,-8.224454,40.463667,-3.74922
Cobalt,PRT,NLD,Portugal,Netherlands,810520,Raw,16.236,mirror,39.399872,-8.224454,52.132633,5.291266
Cobalt,KOR,VNM,Rep. of Korea,Viet Nam,810520,Raw,884471.0,direct,35.907757,127.766922,14.058324,108.277199
Cobalt,KOR,MYS,Rep. of Korea,Malaysia,260500|810520,Raw,847810.466,direct,35.907757,127.766922,4.210484,101.975766
Cobalt,KOR,ZAF,Rep. of Korea,South Africa,260500,Raw,634370.308,mirror,35.907757,127.766922,-30.559482,22.937506
Cobalt,KOR,JPN,Rep. of Korea,Japan,810520,Raw,357340.0,direct,35.907757,127.766922,36.204824,138.252924
Cobalt,KOR,IDN,Rep. of Korea,Indonesia,810520,Raw,208626.0,direct,35.907757,127.766922,-0.789275,113.921327
Cobalt,KOR,CHN,Rep. of Korea,China,810520,Raw,168728.0,direct,35.907757,127.766922,35.86166,104.195397
Cobalt,KOR,USA,Rep. of Korea,USA,810520,Raw,6470.0,direct,35.907757,127.766922,37.09024,-95.712891
Cobalt,KOR,GRC,Rep. of Korea,Greece,810520,Raw,6000.0,direct,35.907757,127.766922,39.074208,21.824312
Cobalt,KOR,CAN,Rep. of Korea,Canada,810520,Raw,4280.0,direct,35.907757,127.766922,56.130366,-106.346771
Cobalt,KOR,FRA,Rep. of Korea,France,810520,Raw,2394.224,mirror,35.907757,127.766922,46.227638,2.213749
Cobalt,KOR,THA,Rep. of Korea,Thailand,810520,Raw,1281.0,direct,35.907757,127.766922,15.870032,100.992541
Cobalt,KOR,IND,Rep. of Korea,India,260500,Raw,331.0,direct,35.907757,127.766922,20.593684,78.96288
Cobalt,KOR,S19,Rep. of Korea,"Other Asia, nes",810520,Raw,267.0,direct,35.907757,127.766922,,
Cobalt,KOR,CHL,Rep. of Korea,Chile,260500,Raw,76.64,mirror,35.907757,127.766922,-35.675147,-71.542969
Cobalt,KOR,HUN,Rep. of Korea,Hungary,260500,Raw,15.896,mirror,35.907757,127.766922,47.162494,19.503304
Cobalt,KOR,NLD,Rep. of Korea,Netherlands,260500|810520,Raw,8.658999999999999,mirror,35.907757,127.766922,52.132633,5.291266
Cobalt,ROU,HUN,Romania,Hungary,810520,Raw,921951.76,direct,45.943161,24.96676,47.162494,19.503304
Cobalt,ROU,MDA,Romania,Rep. of Moldova,810520,Raw,146125.6,direct,45.943161,24.96676,47.411631,28.369885
Cobalt,ROU,ITA,Romania,Italy,810520,Raw,49756.72,direct,45.943161,24.96676,41.87194,12.56738
Cobalt,ROU,BGR,Romania,Bulgaria,810520,Raw,45789.72,direct,45.943161,24.96676,42.733883,25.48583
Cobalt,ROU,NLD,Romania,Netherlands,810520,Raw,2.165,mirror,45.943161,24.96676,52.132633,5.291266
Cobalt,RUS,CHN,Russian Federation,China,810520,Raw,25543514.0,mirror,61.52401,105.318756,35.86166,104.195397
Cobalt,RUS,TUR,Russian Federation,Türkiye,810520,Raw,2609776.0,mirror,61.52401,105.318756,38.963745,35.243322
Cobalt,RUS,BRA,Russian Federation,Brazil,810520,Raw,2197156.0,mirror,61.52401,105.318756,-14.235004,-51.92528
Cobalt,RUS,USA,Russian Federation,USA,810520,Raw,1456127.0,mirror,61.52401,105.318756,37.09024,-95.712891
Cobalt,RUS,AUT,Russian Federation,Austria,810520,Raw,1130767.196,mirror,61.52401,105.318756,47.516231,14.550072
Cobalt,RUS,NLD,Russian Federation,Netherlands,810520,Raw,807844.398,mirror,61.52401,105.318756,52.132633,5.291266
Cobalt,RUS,MYS,Russian Federation,Malaysia,810520,Raw,194096.356,mirror,61.52401,105.318756,4.210484,101.975766
Cobalt,RUS,DEU,Russian Federation,Germany,810520,Raw,18928.816,mirror,61.52401,105.318756,51.165691,10.451526
Cobalt,RUS,POL,Russian Federation,Poland,810520,Raw,16623.0,mirror,61.52401,105.318756,51.919438,19.145136
Cobalt,RUS,THA,Russian Federation,Thailand,810520,Raw,6213.44,mirror,61.52401,105.318756,15.870032,100.992541
Cobalt,RUS,ZAF,Russian Federation,South Africa,810520,Raw,1401.956,mirror,61.52401,105.318756,-30.559482,22.937506
Cobalt,SAU,FRA,Saudi Arabia,France,810520,Raw,89517.192,mirror,23.885942,45.079162,46.227638,2.213749
Cobalt,SAU,USA,Saudi Arabia,USA,810520,Raw,9401.0,mirror,23.885942,45.079162,37.09024,-95.712891
Cobalt,SEN,MRT,Senegal,Mauritania,260500,Raw,2795.508,direct,14.497401,14.452362,21.00789,-10.940835
Cobalt,SRB,MNE,Serbia,Montenegro,810520,Raw,416.0,direct,44.016521,21.005859,42.708678,19.37439
Cobalt,SGP,USA,Singapore,USA,810520,Raw,6150525.355,direct,1.352083,103.819836,37.09024,-95.712891
Cobalt,SGP,NLD,Singapore,Netherlands,810520,Raw,1992158.056,direct,1.352083,103.819836,52.132633,5.291266
Cobalt,SGP,IRL,Singapore,Ireland,810520,Raw,1492112.904,direct,1.352083,103.819836,53.41291,-8.24389
Cobalt,SGP,THA,Singapore,Thailand,810520,Raw,1077267.692,direct,1.352083,103.819836,15.870032,100.992541
Cobalt,SGP,S19,Singapore,"Other Asia, nes",810520,Raw,836322.498,direct,1.352083,103.819836,,
Cobalt,SGP,KOR,Singapore,Rep. of Korea,810520,Raw,366746.576,direct,1.352083,103.819836,35.907757,127.766922
Cobalt,SGP,PAK,Singapore,Pakistan,810520,Raw,231447.601,direct,1.352083,103.819836,30.375321,69.345116
Cobalt,SGP,IND,Singapore,India,260500|810520,Raw,155617.282,direct,1.352083,103.819836,20.593684,78.96288
Cobalt,SGP,JPN,Singapore,Japan,810520,Raw,132552.448,direct,1.352083,103.819836,36.204824,138.252924
Cobalt,SGP,CHN,Singapore,China,810520,Raw,103782.772,direct,1.352083,103.819836,35.86166,104.195397
Cobalt,SGP,MYS,Singapore,Malaysia,260500|810520,Raw,97847.285,direct,1.352083,103.819836,4.210484,101.975766
Cobalt,SGP,PNG,Singapore,Papua New Guinea,810520,Raw,73205.777,direct,1.352083,103.819836,-6.314993,143.95555
Cobalt,SGP,IDN,Singapore,Indonesia,810520,Raw,68764.188,direct,1.352083,103.819836,-0.789275,113.921327
Cobalt,SGP,AUS,Singapore,Australia,810520,Raw,29091.476,direct,1.352083,103.819836,-25.274398,133.775136
Cobalt,SGP,VNM,Singapore,Viet Nam,810520,Raw,7685.035,direct,1.352083,103.819836,14.058324,108.277199
Cobalt,SVK,GRC,Slovakia,Greece,810520,Raw,55764.242,mirror,48.669026,19.699024,39.074208,21.824312
Cobalt,SVK,NLD,Slovakia,Netherlands,810520,Raw,252.195,mirror,48.669026,19.699024,52.132633,5.291266
Cobalt,SVN,SVN,Slovenia,Slovenia,810520,Raw,528427.696,mirror,46.151241,14.995463,46.151241,14.995463
Cobalt,SVN,SRB,Slovenia,Serbia,810520,Raw,270848.0,mirror,46.151241,14.995463,44.016521,21.005859
Cobalt,SVN,HUN,Slovenia,Hungary,810520,Raw,32852.96,direct,46.151241,14.995463,47.162494,19.503304
Cobalt,SVN,DEU,Slovenia,Germany,810520,Raw,15273.824,mirror,46.151241,14.995463,51.165691,10.451526
Cobalt,SVN,GBR,Slovenia,United Kingdom,260500,Raw,11819.52,direct,46.151241,14.995463,55.378051,-3.435973
Cobalt,SVN,ITA,Slovenia,Italy,810520,Raw,2032.528,direct,46.151241,14.995463,41.87194,12.56738
Cobalt,SVN,HRV,Slovenia,Croatia,810520,Raw,1659.496,direct,46.151241,14.995463,45.1,15.2
Cobalt,SVN,LTU,Slovenia,Lithuania,810520,Raw,664.0,mirror,46.151241,14.995463,55.169438,23.881275
Cobalt,ZAF,MYS,South Africa,Malaysia,810520,Raw,28074318.548,mirror,-30.559482,22.937506,4.210484,101.975766
Cobalt,ZAF,USA,South Africa,USA,810520,Raw,13341848.824000001,direct,-30.559482,22.937506,37.09024,-95.712891
Cobalt,ZAF,NLD,South Africa,Netherlands,260500|810520,Raw,5222627.026,direct,-30.559482,22.937506,52.132633,5.291266
Cobalt,ZAF,IRL,South Africa,Ireland,810520,Raw,4325271.312,direct,-30.559482,22.937506,53.41291,-8.24389
Cobalt,ZAF,JPN,South Africa,Japan,810520,Raw,2266824.848,direct,-30.559482,22.937506,36.204824,138.252924
Cobalt,ZAF,BEL,South Africa,Belgium,810520,Raw,2157465.392,direct,-30.559482,22.937506,50.503887,4.469936
Cobalt,ZAF,FRA,South Africa,France,810520,Raw,1084441.312,mirror,-30.559482,22.937506,46.227638,2.213749
Cobalt,ZAF,CHN,South Africa,China,260500|810520,Raw,906060.584,direct,-30.559482,22.937506,35.86166,104.195397
Cobalt,ZAF,VEN,South Africa,Venezuela,810520,Raw,780537.26,direct,-30.559482,22.937506,6.42375,-66.58973
Cobalt,ZAF,IND,South Africa,India,810520,Raw,639851.558,direct,-30.559482,22.937506,20.593684,78.96288
Cobalt,ZAF,KOR,South Africa,Rep. of Korea,810520,Raw,512391.268,direct,-30.559482,22.937506,35.907757,127.766922
Cobalt,ZAF,GBR,South Africa,United Kingdom,810520,Raw,441200.984,mirror,-30.559482,22.937506,55.378051,-3.435973
Cobalt,ZAF,BRA,South Africa,Brazil,810520,Raw,408298.972,direct,-30.559482,22.937506,-14.235004,-51.92528
Cobalt,ZAF,LUX,South Africa,Luxembourg,810520,Raw,53311.351,mirror,-30.559482,22.937506,49.815273,6.129583
Cobalt,ZAF,TUR,South Africa,Türkiye,810520,Raw,40736.0,mirror,-30.559482,22.937506,38.963745,35.243322
Cobalt,ZAF,UKR,South Africa,Ukraine,810520,Raw,36557.52,mirror,-30.559482,22.937506,48.379433,31.16558
Cobalt,ZAF,POL,South Africa,Poland,810520,Raw,32366.0,mirror,-30.559482,22.937506,51.919438,19.145136
Cobalt,ZAF,SGP,South Africa,Singapore,260500,Raw,32126.126,mirror,-30.559482,22.937506,1.352083,103.819836
Cobalt,ZAF,CHE,South Africa,Switzerland,810520,Raw,28921.876,mirror,-30.559482,22.937506,46.818188,8.227512
Cobalt,ZAF,DEU,South Africa,Germany,810520,Raw,3917.58,direct,-30.559482,22.937506,51.165691,10.451526
Cobalt,ZAF,ZMB,South Africa,Zambia,260500,Raw,1668.644,direct,-30.559482,22.937506,-13.133897,27.849332
Cobalt,ZAF,SWZ,South Africa,Eswatini,260500,Raw,785.22,direct,-30.559482,22.937506,-26.522503,31.465866
Cobalt,ZAF,SWE,South Africa,Sweden,260500|810520,Raw,523.988,direct,-30.559482,22.937506,60.128161,18.643501
Cobalt,ZAF,CAN,South Africa,Canada,810520,Raw,349.86,mirror,-30.559482,22.937506,56.130366,-106.346771
Cobalt,ZAF,NAM,South Africa,Namibia,260500,Raw,309.896,direct,-30.559482,22.937506,-22.95764,18.49041
Cobalt,ZAF,AUT,South Africa,Austria,810520,Raw,71.364,direct,-30.559482,22.937506,47.516231,14.550072
Cobalt,ZAF,ESP,South Africa,Spain,810520,Raw,11.348,direct,-30.559482,22.937506,40.463667,-3.74922
Cobalt,ZAF,ZAF,South Africa,South Africa,810520,Raw,7.856,mirror,-30.559482,22.937506,-30.559482,22.937506
Cobalt,SGS,IRL,South Georgia and the South Sandwich Islands,Ireland,810520,Raw,2188.573,mirror,,,53.41291,-8.24389
Cobalt,ESP,ITA,Spain,Italy,810520,Raw,5191643.872,direct,40.463667,-3.74922,41.87194,12.56738
Cobalt,ESP,DEU,Spain,Germany,810520,Raw,332227.256,direct,40.463667,-3.74922,51.165691,10.451526
Cobalt,ESP,NLD,Spain,Netherlands,810520,Raw,33872.014,mirror,40.463667,-3.74922,52.132633,5.291266
Cobalt,ESP,TUR,Spain,Türkiye,260500|810520,Raw,29235.544,direct,40.463667,-3.74922,38.963745,35.243322
Cobalt,ESP,CHL,Spain,Chile,260500,Raw,26825.6,direct,40.463667,-3.74922,-35.675147,-71.542969
Cobalt,ESP,CHN,Spain,China,810520,Raw,25165.768,direct,40.463667,-3.74922,35.86166,104.195397
Cobalt,ESP,PRT,Spain,Portugal,260500|810520,Raw,13109.0,direct,40.463667,-3.74922,39.399872,-8.224454
Cobalt,ESP,JPN,Spain,Japan,810520,Raw,8927.808,direct,40.463667,-3.74922,36.204824,138.252924
Cobalt,ESP,GRC,Spain,Greece,810520,Raw,5282.016,mirror,40.463667,-3.74922,39.074208,21.824312
Cobalt,ESP,CZE,Spain,Czechia,810520,Raw,2084.0,mirror,40.463667,-3.74922,49.817492,15.472962
Cobalt,ESP,CHE,Spain,Switzerland,810520,Raw,1022.216,mirror,40.463667,-3.74922,46.818188,8.227512
Cobalt,SWE,FIN,Sweden,Finland,810520,Raw,566635.638,direct,60.128161,18.643501,61.92411,25.748151
Cobalt,SWE,GBR,Sweden,United Kingdom,810520,Raw,485444.358,direct,60.128161,18.643501,55.378051,-3.435973
Cobalt,SWE,BEL,Sweden,Belgium,810520,Raw,295051.756,direct,60.128161,18.643501,50.503887,4.469936
Cobalt,SWE,DEU,Sweden,Germany,810520,Raw,260228.458,direct,60.128161,18.643501,51.165691,10.451526
Cobalt,SWE,IND,Sweden,India,810520,Raw,147431.25,direct,60.128161,18.643501,20.593684,78.96288
Cobalt,SWE,EST,Sweden,Estonia,810520,Raw,35201.814,direct,60.128161,18.643501,58.595272,25.013607
Cobalt,SWE,JPN,Sweden,Japan,810520,Raw,5677.712,direct,60.128161,18.643501,36.204824,138.252924
Cobalt,SWE,DNK,Sweden,Denmark,810520,Raw,3974.398,direct,60.128161,18.643501,56.26392,9.501785
Cobalt,SWE,NOR,Sweden,Norway,810520,Raw,2081.828,direct,60.128161,18.643501,60.472024,8.468946
Cobalt,SWE,NLD,Sweden,Netherlands,810520,Raw,378.514,direct,60.128161,18.643501,52.132633,5.291266
Cobalt,CHE,NLD,Switzerland,Netherlands,810520,Raw,1878786.096,direct,46.818188,8.227512,52.132633,5.291266
Cobalt,CHE,GBR,Switzerland,United Kingdom,810520,Raw,661818.464,direct,46.818188,8.227512,55.378051,-3.435973
Cobalt,CHE,IND,Switzerland,India,810520,Raw,450819.616,direct,46.818188,8.227512,20.593684,78.96288
Cobalt,CHE,IRL,Switzerland,Ireland,260500|810520,Raw,175334.629,direct,46.818188,8.227512,53.41291,-8.24389
Cobalt,CHE,FRA,Switzerland,France,810520,Raw,49316.204,direct,46.818188,8.227512,46.227638,2.213749
Cobalt,CHE,POL,Switzerland,Poland,810520,Raw,43296.492,direct,46.818188,8.227512,51.919438,19.145136
Cobalt,CHE,DEU,Switzerland,Germany,810520,Raw,23379.196,direct,46.818188,8.227512,51.165691,10.451526
Cobalt,CHE,SVN,Switzerland,Slovenia,810520,Raw,1949.912,mirror,46.818188,8.227512,46.151241,14.995463
Cobalt,CHE,PRT,Switzerland,Portugal,810520,Raw,679.024,mirror,46.818188,8.227512,39.399872,-8.224454
Cobalt,CHE,USA,Switzerland,USA,810520,Raw,154.468,direct,46.818188,8.227512,37.09024,-95.712891
Cobalt,CHE,CHN,Switzerland,China,810520,Raw,22.716,direct,46.818188,8.227512,35.86166,104.195397
Cobalt,THA,BEL,Thailand,Belgium,810520,Raw,515303.56,direct,15.870032,100.992541,50.503887,4.469936
Cobalt,THA,USA,Thailand,USA,810520,Raw,29400.0,direct,15.870032,100.992541,37.09024,-95.712891
Cobalt,THA,VNM,Thailand,Viet Nam,810520,Raw,6384.88,direct,15.870032,100.992541,14.058324,108.277199
Cobalt,TUR,ESP,Türkiye,Spain,810520,Raw,56594705.016,mirror,38.963745,35.243322,40.463667,-3.74922
Cobalt,TUR,GBR,Türkiye,United Kingdom,810520,Raw,52590495.796,mirror,38.963745,35.243322,55.378051,-3.435973
Cobalt,TUR,MYS,Türkiye,Malaysia,810520,Raw,6581761.994,mirror,38.963745,35.243322,4.210484,101.975766
Cobalt,TUR,IND,Türkiye,India,810520,Raw,1715356.338,mirror,38.963745,35.243322,20.593684,78.96288
Cobalt,TUR,CAN,Türkiye,Canada,810520,Raw,1254078.456,mirror,38.963745,35.243322,56.130366,-106.346771
Cobalt,TUR,FRA,Türkiye,France,810520,Raw,1004275.888,mirror,38.963745,35.243322,46.227638,2.213749
Cobalt,TUR,NLD,Türkiye,Netherlands,810520,Raw,728981.075,mirror,38.963745,35.243322,52.132633,5.291266
Cobalt,TUR,ROU,Türkiye,Romania,810520,Raw,540202.08,mirror,38.963745,35.243322,45.943161,24.96676
Cobalt,TUR,BRA,Türkiye,Brazil,810520,Raw,452048.0,mirror,38.963745,35.243322,-14.235004,-51.92528
Cobalt,TUR,USA,Türkiye,USA,810520,Raw,375250.0,mirror,38.963745,35.243322,37.09024,-95.712891
Cobalt,TUR,MDA,Türkiye,Rep. of Moldova,810520,Raw,209988.0,mirror,38.963745,35.243322,47.411631,28.369885
Cobalt,TUR,DEU,Türkiye,Germany,810520,Raw,157659.08,mirror,38.963745,35.243322,51.165691,10.451526
Cobalt,TUR,CZE,Türkiye,Czechia,810520,Raw,43676.0,mirror,38.963745,35.243322,49.817492,15.472962
Cobalt,TUR,POL,Türkiye,Poland,810520,Raw,9614.0,mirror,38.963745,35.243322,51.919438,19.145136
Cobalt,TUR,S19,Türkiye,"Other Asia, nes",810520,Raw,8660.279,mirror,38.963745,35.243322,,
Cobalt,TUR,BGR,Türkiye,Bulgaria,810520,Raw,6982.912,mirror,38.963745,35.243322,42.733883,25.48583
Cobalt,TUR,AUT,Türkiye,Austria,810520,Raw,4538.421,mirror,38.963745,35.243322,47.516231,14.550072
Cobalt,TUR,ITA,Türkiye,Italy,810520,Raw,2063.266,mirror,38.963745,35.243322,41.87194,12.56738
Cobalt,TUR,HUN,Türkiye,Hungary,810520,Raw,677.164,mirror,38.963745,35.243322,47.162494,19.503304
Cobalt,TUR,NOR,Türkiye,Norway,810520,Raw,569.524,mirror,38.963745,35.243322,60.472024,8.468946
Cobalt,TUR,LTU,Türkiye,Lithuania,810520,Raw,378.0,mirror,38.963745,35.243322,55.169438,23.881275
Cobalt,TUR,KOR,Türkiye,Rep. of Korea,810520,Raw,112.0,mirror,38.963745,35.243322,35.907757,127.766922
Cobalt,TUR,SVK,Türkiye,Slovakia,260500,Raw,88.0,direct,38.963745,35.243322,48.669026,19.699024
Cobalt,USA,IRL,USA,Ireland,260500|810520,Raw,33336479.998,direct,37.09024,-95.712891,53.41291,-8.24389
Cobalt,USA,DEU,USA,Germany,810520,Raw,20095853.0,direct,37.09024,-95.712891,51.165691,10.451526
Cobalt,USA,FRA,USA,France,810520,Raw,15633433.0,direct,37.09024,-95.712891,46.227638,2.213749
Cobalt,USA,IND,USA,India,810520,Raw,9676127.0,direct,37.09024,-95.712891,20.593684,78.96288
Cobalt,USA,GBR,USA,United Kingdom,810520,Raw,7387282.0,direct,37.09024,-95.712891,55.378051,-3.435973
Cobalt,USA,KOR,USA,Rep. of Korea,260500|810520,Raw,6753174.0,direct,37.09024,-95.712891,35.907757,127.766922
Cobalt,USA,CHN,USA,China,260500|810520,Raw,6682101.0,direct,37.09024,-95.712891,35.86166,104.195397
Cobalt,USA,CAN,USA,Canada,810520,Raw,6566163.0,direct,37.09024,-95.712891,56.130366,-106.346771
Cobalt,USA,JPN,USA,Japan,810520,Raw,6013509.0,direct,37.09024,-95.712891,36.204824,138.252924
Cobalt,USA,SGP,USA,Singapore,810520,Raw,4951946.0,direct,37.09024,-95.712891,1.352083,103.819836
Cobalt,USA,S19,USA,"Other Asia, nes",810520,Raw,4668021.0,direct,37.09024,-95.712891,,
Cobalt,USA,MEX,USA,Mexico,810520,Raw,3620401.0,direct,37.09024,-95.712891,23.634501,-102.552784
Cobalt,USA,ITA,USA,Italy,810520,Raw,3422398.0,direct,37.09024,-95.712891,41.87194,12.56738
Cobalt,USA,BRA,USA,Brazil,810520,Raw,3118866.0,direct,37.09024,-95.712891,-14.235004,-51.92528
Cobalt,USA,TUN,USA,Tunisia,810520,Raw,3006823.0,direct,37.09024,-95.712891,33.886917,9.537499
Cobalt,USA,TUR,USA,Türkiye,260500|810520,Raw,2951620.0,direct,37.09024,-95.712891,38.963745,35.243322
Cobalt,USA,PHL,USA,Philippines,810520,Raw,1421109.0,direct,37.09024,-95.712891,12.879721,121.774017
Cobalt,USA,AUT,USA,Austria,810520,Raw,1397041.448,mirror,37.09024,-95.712891,47.516231,14.550072
Cobalt,USA,BEL,USA,Belgium,260500|810520,Raw,944934.729,direct,37.09024,-95.712891,50.503887,4.469936
Cobalt,USA,CHE,USA,Switzerland,810520,Raw,889699.0,direct,37.09024,-95.712891,46.818188,8.227512
Cobalt,USA,ARE,USA,United Arab Emirates,810520,Raw,602661.0,direct,37.09024,-95.712891,23.424076,53.847818
Cobalt,USA,AUS,USA,Australia,810520,Raw,355986.0,direct,37.09024,-95.712891,-25.274398,133.775136
Cobalt,USA,IDN,USA,Indonesia,260500|810520,Raw,321887.0,direct,37.09024,-95.712891,-0.789275,113.921327
Cobalt,USA,SAU,USA,Saudi Arabia,260500|810520,Raw,254630.46600000001,direct,37.09024,-95.712891,23.885942,45.079162
Cobalt,USA,NOR,USA,Norway,810520,Raw,239334.24000000002,mirror,37.09024,-95.712891,60.472024,8.468946
Cobalt,USA,SVK,USA,Slovakia,810520,Raw,230966.0,direct,37.09024,-95.712891,48.669026,19.699024
Cobalt,USA,ARG,USA,Argentina,810520,Raw,216063.0,direct,37.09024,-95.712891,-38.416097,-63.616672
Cobalt,USA,SWE,USA,Sweden,810520,Raw,142058.0,direct,37.09024,-95.712891,60.128161,18.643501
Cobalt,USA,MYS,USA,Malaysia,810520,Raw,131040.0,direct,37.09024,-95.712891,4.210484,101.975766
Cobalt,USA,POL,USA,Poland,810520,Raw,128208.0,direct,37.09024,-95.712891,51.919438,19.145136
Cobalt,USA,VNM,USA,Viet Nam,810520,Raw,123103.0,direct,37.09024,-95.712891,14.058324,108.277199
Cobalt,USA,THA,USA,Thailand,810520,Raw,113318.0,direct,37.09024,-95.712891,15.870032,100.992541
Cobalt,USA,QAT,USA,Qatar,810520,Raw,104761.512,mirror,37.09024,-95.712891,25.354826,51.183884
Cobalt,USA,PER,USA,Peru,810520,Raw,103433.3,mirror,37.09024,-95.712891,-9.189967,-75.015152
Cobalt,USA,FIN,USA,Finland,810520,Raw,79000.0,direct,37.09024,-95.712891,61.92411,25.748151
Cobalt,USA,CHL,USA,Chile,260500|810520,Raw,72954.37,direct,37.09024,-95.712891,-35.675147,-71.542969
Cobalt,USA,UKR,USA,Ukraine,810520,Raw,49008.52,mirror,37.09024,-95.712891,48.379433,31.16558
Cobalt,USA,CZE,USA,Czechia,810520,Raw,45652.0,direct,37.09024,-95.712891,49.817492,15.472962
Cobalt,USA,HUN,USA,Hungary,810520,Raw,42734.0,direct,37.09024,-95.712891,47.162494,19.503304
Cobalt,USA,ZAF,USA,South Africa,810520,Raw,40550.0,direct,37.09024,-95.712891,-30.559482,22.937506
Cobalt,USA,SVN,USA,Slovenia,810520,Raw,39406.0,direct,37.09024,-95.712891,46.151241,14.995463
Cobalt,USA,ISR,USA,Israel,260500|810520,Raw,34513.0,direct,37.09024,-95.712891,31.046051,34.851612
Cobalt,USA,TKM,USA,Turkmenistan,810520,Raw,28651.0,direct,37.09024,-95.712891,38.969719,59.556278
Cobalt,USA,COL,USA,Colombia,810520,Raw,28450.0,direct,37.09024,-95.712891,4.570868,-74.297333
Cobalt,USA,ESP,USA,Spain,810520,Raw,27691.0,direct,37.09024,-95.712891,40.463667,-3.74922
Cobalt,USA,KAZ,USA,Kazakhstan,810520,Raw,27620.0,direct,37.09024,-95.712891,48.019573,66.923684
Cobalt,USA,NLD,USA,Netherlands,260500|810520,Raw,26463.883,direct,37.09024,-95.712891,52.132633,5.291266
Cobalt,USA,MDG,USA,Madagascar,810520,Raw,21329.0,direct,37.09024,-95.712891,-18.766947,46.869107
Cobalt,USA,BOL,USA,Bolivia (Plurinational State of),810520,Raw,17920.0,direct,37.09024,-95.712891,-16.290154,-63.588653
Cobalt,USA,GRC,USA,Greece,810520,Raw,15101.372,mirror,37.09024,-95.712891,39.074208,21.824312
Cobalt,USA,ARM,USA,Armenia,810520,Raw,10925.0,direct,37.09024,-95.712891,40.069099,45.038189
Cobalt,USA,NZL,USA,New Zealand,260500|810520,Raw,9099.825,direct,37.09024,-95.712891,-40.900557,174.885971
Cobalt,USA,BGR,USA,Bulgaria,810520,Raw,6182.0,direct,37.09024,-95.712891,42.733883,25.48583
Cobalt,USA,ECU,USA,Ecuador,810520,Raw,5562.128,mirror,37.09024,-95.712891,-1.831239,-78.183406
Cobalt,USA,JOR,USA,Jordan,810520,Raw,4735.0,direct,37.09024,-95.712891,30.585164,36.238414
Cobalt,USA,KEN,USA,Kenya,810520,Raw,4495.0,direct,37.09024,-95.712891,-0.023559,37.906193
Cobalt,USA,PAK,USA,Pakistan,810520,Raw,3383.0,direct,37.09024,-95.712891,30.375321,69.345116
Cobalt,USA,TZA,USA,United Rep. of Tanzania,810520,Raw,2424.016,mirror,37.09024,-95.712891,-6.369028,34.888822
Cobalt,USA,SLV,USA,El Salvador,810520,Raw,2254.96,mirror,37.09024,-95.712891,13.794185,-88.89653
Cobalt,USA,PRT,USA,Portugal,810520,Raw,2129.28,mirror,37.09024,-95.712891,39.399872,-8.224454
Cobalt,USA,BHS,USA,Bahamas,810520,Raw,1909.0,mirror,37.09024,-95.712891,25.03428,-77.39628
Cobalt,USA,NGA,USA,Nigeria,810520,Raw,1565.508,mirror,37.09024,-95.712891,9.081999,8.675277
Cobalt,USA,GTM,USA,Guatemala,810520,Raw,683.0,mirror,37.09024,-95.712891,15.783471,-90.230759
Cobalt,USA,MLT,USA,Malta,260500|810520,Raw,593.144,mirror,37.09024,-95.712891,35.937496,14.375416
Cobalt,USA,EST,USA,Estonia,810520,Raw,319.84,mirror,37.09024,-95.712891,58.595272,25.013607
Cobalt,USA,DNK,USA,Denmark,260500,Raw,38.437,mirror,37.09024,-95.712891,56.26392,9.501785
Cobalt,ARE,LKA,United Arab Emirates,Sri Lanka,260500,Raw,404.305,mirror,23.424076,53.847818,7.873054,80.771797
Cobalt,GBR,NLD,United Kingdom,Netherlands,260500|810520,Raw,69645432.432,direct,55.378051,-3.435973,52.132633,5.291266
Cobalt,GBR,DEU,United Kingdom,Germany,260500|810520,Raw,42046904.82,direct,55.378051,-3.435973,51.165691,10.451526
Cobalt,GBR,USA,United Kingdom,USA,810520,Raw,32358772.048,direct,55.378051,-3.435973,37.09024,-95.712891
Cobalt,GBR,FRA,United Kingdom,France,260500|810520,Raw,20423242.118,direct,55.378051,-3.435973,46.227638,2.213749
Cobalt,GBR,IND,United Kingdom,India,260500|810520,Raw,9389021.972000001,direct,55.378051,-3.435973,20.593684,78.96288
Cobalt,GBR,AUT,United Kingdom,Austria,810520,Raw,7036974.84,direct,55.378051,-3.435973,47.516231,14.550072
Cobalt,GBR,TUR,United Kingdom,Türkiye,810520,Raw,5650733.088,direct,55.378051,-3.435973,38.963745,35.243322
Cobalt,GBR,CHE,United Kingdom,Switzerland,810520,Raw,5126585.284,direct,55.378051,-3.435973,46.818188,8.227512
Cobalt,GBR,BEL,United Kingdom,Belgium,260500|810520,Raw,4768153.554,direct,55.378051,-3.435973,50.503887,4.469936
Cobalt,GBR,GBR,United Kingdom,United Kingdom,260500|810520,Raw,4673274.572,mirror,55.378051,-3.435973,55.378051,-3.435973
Cobalt,GBR,SWE,United Kingdom,Sweden,810520,Raw,4489152.924,direct,55.378051,-3.435973,60.128161,18.643501
Cobalt,GBR,ITA,United Kingdom,Italy,260500|810520,Raw,4210177.656,direct,55.378051,-3.435973,41.87194,12.56738
Cobalt,GBR,JPN,United Kingdom,Japan,810520,Raw,2384302.536,direct,55.378051,-3.435973,36.204824,138.252924
Cobalt,GBR,BRA,United Kingdom,Brazil,260500|810520,Raw,2376307.1720000003,direct,55.378051,-3.435973,-14.235004,-51.92528
Cobalt,GBR,KOR,United Kingdom,Rep. of Korea,810520,Raw,1855218.508,direct,55.378051,-3.435973,35.907757,127.766922
Cobalt,GBR,IRL,United Kingdom,Ireland,260500|810520,Raw,1837391.284,direct,55.378051,-3.435973,53.41291,-8.24389
Cobalt,GBR,TUN,United Kingdom,Tunisia,810520,Raw,1712813.784,direct,55.378051,-3.435973,33.886917,9.537499
Cobalt,GBR,AUS,United Kingdom,Australia,810520,Raw,682984.624,direct,55.378051,-3.435973,-25.274398,133.775136
Cobalt,GBR,CAN,United Kingdom,Canada,810520,Raw,661875.036,direct,55.378051,-3.435973,56.130366,-106.346771
Cobalt,GBR,S19,United Kingdom,"Other Asia, nes",810520,Raw,582707.75,direct,55.378051,-3.435973,,
Cobalt,GBR,CHN,United Kingdom,China,810520,Raw,505803.112,direct,55.378051,-3.435973,35.86166,104.195397
Cobalt,GBR,ARE,United Kingdom,United Arab Emirates,260500,Raw,488041.84,direct,55.378051,-3.435973,23.424076,53.847818
Cobalt,GBR,CZE,United Kingdom,Czechia,260500|810520,Raw,478935.448,direct,55.378051,-3.435973,49.817492,15.472962
Cobalt,GBR,HUN,United Kingdom,Hungary,810520,Raw,289365.18,direct,55.378051,-3.435973,47.162494,19.503304
Cobalt,GBR,DZA,United Kingdom,Algeria,810520,Raw,286057.456,direct,55.378051,-3.435973,28.033886,1.659626
Cobalt,GBR,THA,United Kingdom,Thailand,810520,Raw,278650.582,direct,55.378051,-3.435973,15.870032,100.992541
Cobalt,GBR,MEX,United Kingdom,Mexico,810520,Raw,205439.232,direct,55.378051,-3.435973,23.634501,-102.552784
Cobalt,GBR,ESP,United Kingdom,Spain,810520,Raw,195521.128,direct,55.378051,-3.435973,40.463667,-3.74922
Cobalt,GBR,SAU,United Kingdom,Saudi Arabia,810520,Raw,146311.088,direct,55.378051,-3.435973,23.885942,45.079162
Cobalt,GBR,LTU,United Kingdom,Lithuania,810520,Raw,131847.396,direct,55.378051,-3.435973,55.169438,23.881275
Cobalt,GBR,KWT,United Kingdom,Kuwait,810520,Raw,129397.04,direct,55.378051,-3.435973,29.31166,47.481766
Cobalt,GBR,ISR,United Kingdom,Israel,810520,Raw,128225.132,direct,55.378051,-3.435973,31.046051,34.851612
Cobalt,GBR,SVN,United Kingdom,Slovenia,810520,Raw,121447.336,direct,55.378051,-3.435973,46.151241,14.995463
Cobalt,GBR,ZAF,United Kingdom,South Africa,810520,Raw,97278.612,direct,55.378051,-3.435973,-30.559482,22.937506
Cobalt,GBR,POL,United Kingdom,Poland,810520,Raw,95102.208,direct,55.378051,-3.435973,51.919438,19.145136
Cobalt,GBR,UKR,United Kingdom,Ukraine,810520,Raw,79943.4,mirror,55.378051,-3.435973,48.379433,31.16558
Cobalt,GBR,EST,United Kingdom,Estonia,810520,Raw,75829.12,direct,55.378051,-3.435973,58.595272,25.013607
Cobalt,GBR,ARG,United Kingdom,Argentina,810520,Raw,70816.8,direct,55.378051,-3.435973,-38.416097,-63.616672
Cobalt,GBR,GRC,United Kingdom,Greece,810520,Raw,67686.636,direct,55.378051,-3.435973,39.074208,21.824312
Cobalt,GBR,SGP,United Kingdom,Singapore,810520,Raw,42021.316,direct,55.378051,-3.435973,1.352083,103.819836
Cobalt,GBR,PRT,United Kingdom,Portugal,810520,Raw,31271.206000000002,direct,55.378051,-3.435973,39.399872,-8.224454
Cobalt,GBR,ROU,United Kingdom,Romania,810520,Raw,28394.7,direct,55.378051,-3.435973,45.943161,24.96676
Cobalt,GBR,NZL,United Kingdom,New Zealand,810520,Raw,22731.834,mirror,55.378051,-3.435973,-40.900557,174.885971
Cobalt,GBR,VNM,United Kingdom,Viet Nam,810520,Raw,21084.22,direct,55.378051,-3.435973,14.058324,108.277199
Cobalt,GBR,FIN,United Kingdom,Finland,810520,Raw,20977.684,direct,55.378051,-3.435973,61.92411,25.748151
Cobalt,GBR,PER,United Kingdom,Peru,810520,Raw,17621.552,mirror,55.378051,-3.435973,-9.189967,-75.015152
Cobalt,GBR,MYS,United Kingdom,Malaysia,810520,Raw,6555.33,mirror,55.378051,-3.435973,4.210484,101.975766
Cobalt,GBR,IDN,United Kingdom,Indonesia,810520,Raw,580.0,mirror,55.378051,-3.435973,-0.789275,113.921327
Cobalt,GBR,NAM,United Kingdom,Namibia,260500,Raw,343.72,mirror,55.378051,-3.435973,-22.95764,18.49041
Cobalt,GBR,BHR,United Kingdom,Bahrain,810520,Raw,75.899,mirror,55.378051,-3.435973,26.0275,50.55
Cobalt,TZA,MYS,United Rep. of Tanzania,Malaysia,810520,Raw,11377182.77,mirror,-6.369028,34.888822,4.210484,101.975766
Cobalt,TZA,CHN,United Rep. of Tanzania,China,260500|810520,Raw,433804.248,direct,-6.369028,34.888822,35.86166,104.195397
Cobalt,ZMB,USA,Zambia,USA,810520,Raw,1144403.0,mirror,-13.133897,27.849332,37.09024,-95.712891
Cobalt,ZMB,CAN,Zambia,Canada,810520,Raw,994419.756,mirror,-13.133897,27.849332,56.130366,-106.346771
Cobalt,ZMB,TUR,Zambia,Türkiye,810520,Raw,652072.0,mirror,-13.133897,27.849332,38.963745,35.243322
Cobalt,ZMB,ZAF,Zambia,South Africa,260500,Raw,361706.549,direct,-13.133897,27.849332,-30.559482,22.937506
Cobalt,ZMB,BRA,Zambia,Brazil,810520,Raw,259200.0,mirror,-13.133897,27.849332,-14.235004,-51.92528
Cobalt,ZMB,CHN,Zambia,China,260500,Raw,5880.668,direct,-13.133897,27.849332,35.86166,104.195397
Cobalt,ZMB,KOR,Zambia,Rep. of Korea,260500,Raw,679.434,direct,-13.133897,27.849332,35.907757,127.766922
